playlist_position,video_id,published_at,privacy_status,title_family,is_target_default,normalized_timestamp,old_title,old_description,previous_formatted_title,next_formatted_title,suggested_title,suggested_description,confidence,suggestion_basis,apply,review_notes
0,uH8XFK5RD5E,2026-04-04T06:15:51Z,public,formatted,FALSE,,Chef Scabbs vs Gutmook – Book of Heroes | Hearthstone | Adventure Mode,"Chef Scabbs vs Gutmook – Book of Heroes | Hearthstone | Adventure Mode [Heroes of Warcraft] 
Solo PvE gameplay from Hearthstone's Book of Heroes adventure, featuring the Chef Scabbs vs Gutmook boss fight 
[2026 03 16T22 27 25]",,Kel'Thuzad vs George and Karl – Book of Heroes | Hearthstone | Adventure Mode,Kel'Thuzad vs George and Karl – Book of Heroes | Hearthstone | Adventure Mode,"Hearthstone Book of Heroes gameplay from Adventure Mode.

Part of the Hearthstone - Adventure mode playlist.",low,next formatted neighbor only,FALSE,
1,ExR80_Kc0LE,2026-04-03T21:53:02Z,public,other,FALSE,,Medivh vs Fungalmancer Flurgl,"Medivh vs Fungalmancer Flurgl – Book of Heroes | Hearthstone | Adventure Mode [Heroes of Warcraft]
Solo PvE gameplay from Hearthstone's Book of Heroes adventure, featuring the Medivh vs Fungalmancer Flurgl boss fight
[2026 03 20T22 11 55]",Chef Scabbs vs Gutmook – Book of Heroes | Hearthstone | Adventure Mode,Kel'Thuzad vs George and Karl – Book of Heroes | Hearthstone | Adventure Mode,,,manual,neighbor titles disagree,FALSE,
2,PbE4ewC64C4,2026-04-03T21:51:58Z,public,formatted,FALSE,,Kel'Thuzad vs George and Karl – Book of Heroes | Hearthstone | Adventure Mode,"Kel'Thuzad vs George and Karl – Book of Heroes | Hearthstone | Adventure Mode [Heroes of Warcraft]
Solo PvE gameplay from Hearthstone's Book of Heroes adventure, featuring the Kel'Thuzad vs George and Karl boss fight
[2026 03 20T22 20 01]",Chef Scabbs vs Gutmook – Book of Heroes | Hearthstone | Adventure Mode,King Rastakhan vs Giant Rat – Book of Heroes | Hearthstone | Adventure Mode,,,manual,neighbor titles disagree,FALSE,
3,Exc86GNipFg,2026-04-03T21:51:05Z,public,formatted,FALSE,,King Rastakhan vs Giant Rat – Book of Heroes | Hearthstone | Adventure Mode,"King Rastakhan vs Giant Rat – Book of Heroes | Hearthstone | Adventure Mode [Heroes of Warcraft]
Solo PvE gameplay from Hearthstone's Book of Heroes adventure, featuring the King Rastakhan vs Giant Rat boss fight
[2026 03 20T22 23 33]",Kel'Thuzad vs George and Karl – Book of Heroes | Hearthstone | Adventure Mode,King Rastakhan vs Candlebeard – Book of Heroes | Hearthstone | Adventure Mode,,,manual,neighbor titles disagree,FALSE,
4,1ALxjY6v0BU,2026-04-03T21:50:19Z,public,formatted,FALSE,,King Rastakhan vs Candlebeard – Book of Heroes | Hearthstone | Adventure Mode,"King Rastakhan vs Candlebeard – Book of Heroes | Hearthstone | Adventure Mode [Heroes of Warcraft]
Solo PvE gameplay from Hearthstone's Book of Heroes adventure, featuring the King Rastakhan vs Candlebeard boss fight
[2026 03 20T22 27 25]",King Rastakhan vs Giant Rat – Book of Heroes | Hearthstone | Adventure Mode,King Rastakhan vs Seriona – Book of Heroes | Hearthstone | Adventure Mode,,,manual,neighbor titles disagree,FALSE,
5,9hKTXH-om70,2026-04-03T21:49:37Z,public,formatted,FALSE,,King Rastakhan vs Seriona – Book of Heroes | Hearthstone | Adventure Mode,"King Rastakhan vs Seriona – Book of Heroes | Hearthstone | Adventure Mode [Heroes of Warcraft]
Solo PvE gameplay from Hearthstone's Book of Heroes adventure, featuring the King Rastakhan vs Seriona boss fight
[2026 03 20T22 29 44]",King Rastakhan vs Candlebeard – Book of Heroes | Hearthstone | Adventure Mode,King Rastakhan vs Blackseed – Book of Heroes | Hearthstone | Adventure Mode,,,manual,neighbor titles disagree,FALSE,
6,gv5mCyBkVPY,2026-04-03T21:11:43Z,public,formatted,FALSE,,King Rastakhan vs Blackseed – Book of Heroes | Hearthstone | Adventure Mode,"King Rastakhan vs Blackseed – Book of Heroes | Hearthstone | Adventure Mode [Heroes of Warcraft]
Solo PvE gameplay from Hearthstone's Book of Heroes adventure, featuring the King Rastakhan vs Blackseed boss fight
[2026 03 20T22 33 17]",King Rastakhan vs Seriona – Book of Heroes | Hearthstone | Adventure Mode,King Rastakhan vs Whompwhisker – Book of Heroes | Hearthstone | Adventure Mode,,,manual,neighbor titles disagree,FALSE,
7,lAOTBE9xWeY,2026-04-03T21:09:19Z,public,formatted,FALSE,,King Rastakhan vs Whompwhisker – Book of Heroes | Hearthstone | Adventure Mode,"King Rastakhan vs Whompwhisker – Book of Heroes | Hearthstone | Adventure Mode [Heroes of Warcraft]
Solo PvE gameplay from Hearthstone's Book of Heroes adventure, featuring the King Rastakhan vs Whompwhisker boss fight
[2026 03 20T22 40 35]",King Rastakhan vs Blackseed – Book of Heroes | Hearthstone | Adventure Mode,King Rastakhan vs Chronomancer Inara – Book of Heroes | Hearthstone | Adventure Mode,,,manual,neighbor titles disagree,FALSE,
8,fOH7DVQzgmo,2026-04-03T21:08:33Z,public,formatted,FALSE,,King Rastakhan vs Chronomancer Inara – Book of Heroes | Hearthstone | Adventure Mode,"King Rastakhan vs Chronomancer Inara – Book of Heroes | Hearthstone | Adventure Mode [Heroes of Warcraft]
Solo PvE gameplay from Hearthstone's Book of Heroes adventure, featuring the King Rastakhan vs Chronomancer Inara boss fight
[2026 03 21T00 18 38]",King Rastakhan vs Whompwhisker – Book of Heroes | Hearthstone | Adventure Mode,King Rastakhan vs King Togwaggle – Book of Heroes | Hearthstone | Adventure Mode,,,manual,neighbor titles disagree,FALSE,
9,3F32Cmt0RI0,2026-04-03T21:07:37Z,public,formatted,FALSE,,King Rastakhan vs King Togwaggle – Book of Heroes | Hearthstone | Adventure Mode,"King Rastakhan vs King Togwaggle – Book of Heroes | Hearthstone | Adventure Mode [Heroes of Warcraft]
Solo PvE gameplay from Hearthstone's Book of Heroes adventure, featuring the King Rastakhan vs King Togwaggle boss fight
[ 2026 03 21T00 27 25]",King Rastakhan vs Chronomancer Inara – Book of Heroes | Hearthstone | Adventure Mode,Kel'Thuzad vs Wee Whelp – Book of Heroes | Hearthstone | Adventure Mode,,,manual,neighbor titles disagree,FALSE,
10,IXuGi20KpEE,2026-04-03T21:06:38Z,public,formatted,FALSE,,Kel'Thuzad vs Wee Whelp – Book of Heroes | Hearthstone | Adventure Mode,"Kel'Thuzad vs Wee Whelp – Book of Heroes | Hearthstone | Adventure Mode [Heroes of Warcraft]
Solo PvE gameplay from Hearthstone's Book of Heroes adventure, featuring the Kel'Thuzad vs Wee Whelp boss fight
[2026 03 21T00 36 01]",King Rastakhan vs King Togwaggle – Book of Heroes | Hearthstone | Adventure Mode,Kel'Thuzad vs Overseer Mogark – Book of Heroes | Hearthstone | Adventure Mode,,,manual,neighbor titles disagree,FALSE,
11,l9Hwj7yjiB0,2026-04-03T21:05:43Z,public,formatted,FALSE,,Kel'Thuzad vs Overseer Mogark – Book of Heroes | Hearthstone | Adventure Mode,"Kel'Thuzad vs Overseer Mogark – Book of Heroes | Hearthstone | Adventure Mode [Heroes of Warcraft]
Solo PvE gameplay from Hearthstone's Book of Heroes adventure, featuring the Kel'Thuzad vs Overseer Mogark boss fight
[2026 03 21T01 00 35]",Kel'Thuzad vs Wee Whelp – Book of Heroes | Hearthstone | Adventure Mode,Kel'Thuzad vs Frostfur – Book of Heroes | Hearthstone | Adventure Mode,,,manual,neighbor titles disagree,FALSE,
12,2kqySc-UjzE,2026-04-03T21:04:36Z,public,formatted,FALSE,,Kel'Thuzad vs Frostfur – Book of Heroes | Hearthstone | Adventure Mode,"Kel'Thuzad vs Frostfur – Book of Heroes | Hearthstone | Adventure Mode [Heroes of Warcraft]
Solo PvE gameplay from Hearthstone's Book of Heroes adventure, featuring the Kel'Thuzad vs Frostfur boss fight
[2026 03 21T01 04 59]",Kel'Thuzad vs Overseer Mogark – Book of Heroes | Hearthstone | Adventure Mode,Medivh vs Graves the Cleric – Book of Heroes | Hearthstone | Adventure Mode,,,manual,neighbor titles disagree,FALSE,
13,CwgkAkywKAc,2026-04-03T21:03:21Z,public,formatted,FALSE,,Medivh vs Graves the Cleric – Book of Heroes | Hearthstone | Adventure Mode,"Medivh vs Graves the Cleric – Book of Heroes | Hearthstone | Adventure Mode [Heroes of Warcraft]
Solo PvE gameplay from Hearthstone's Book of Heroes adventure, featuring the Medivh vs Graves the Cleric boss fight
[2026 03 20T21 59 31]",Kel'Thuzad vs Frostfur – Book of Heroes | Hearthstone | Adventure Mode,Kel'Thuzad vs A.F.Kay – Book of Heroes | Hearthstone | Adventure Mode,,,manual,neighbor titles disagree,FALSE,
14,EuBxw_lUu7o,2026-04-03T21:02:45Z,public,formatted,FALSE,,Kel'Thuzad vs A.F.Kay – Book of Heroes | Hearthstone | Adventure Mode,"Kel'Thuzad vs A.F.Kay – Book of Heroes | Hearthstone | Adventure Mode [Heroes of Warcraft]
Solo PvE gameplay from Hearthstone's Book of Heroes adventure, featuring the Kel'Thuzad vs A.F.Kay boss fight
[2026 03 20T22 03 47]",Medivh vs Graves the Cleric – Book of Heroes | Hearthstone | Adventure Mode,Opera Diva Tamsim vs Overseer Mogark – Book of Heroes | Hearthstone | Adventure Mode,,,manual,neighbor titles disagree,FALSE,
15,0RLkRyvAnN0,2026-04-03T21:01:45Z,public,formatted,FALSE,,Opera Diva Tamsim vs Overseer Mogark – Book of Heroes | Hearthstone | Adventure Mode,"Opera Diva Tamsim vs Overseer Mogark – Book of Heroes | Hearthstone | Adventure Mode [Heroes of Warcraft]
Solo PvE gameplay from Hearthstone's Book of Heroes adventure, featuring the Opera Diva Tamsim vs Overseer Mogark boss fight
[2026 03 20T11 25 02]",Kel'Thuzad vs A.F.Kay – Book of Heroes | Hearthstone | Adventure Mode,Nemesis Gul'dan vs Spiritseeker Azun – Book of Heroes | Hearthstone | Adventure Mode,,,manual,neighbor titles disagree,FALSE,
16,7qVVfpFCHKw,2026-04-03T20:59:09Z,public,other,FALSE,,Hearthstone [Heroes of Warcraft] Book of Heroes -N'Zoth vs Waxmancer Sturmi,"Hearthstone [Heroes of Warcraft] Book of Heroes -N'Zoth vs Waxmancer Sturmi – Book of Heroes | Hearthstone | Adventure Mode [Heroes of Warcraft]
Solo PvE gameplay from Hearthstone's Book of Heroes adventure, featuring the Hearthstone [Heroes of Warcraft] Book of Heroes -N'Zoth vs Waxmancer Sturmi boss fight
[2026 03 20T11 32 07]",Opera Diva Tamsim vs Overseer Mogark – Book of Heroes | Hearthstone | Adventure Mode,Nemesis Gul'dan vs Spiritseeker Azun – Book of Heroes | Hearthstone | Adventure Mode,,,manual,neighbor titles disagree,FALSE,
17,vOP5ZpdYSl8,2026-04-03T20:56:39Z,public,formatted,FALSE,,Nemesis Gul'dan vs Spiritseeker Azun – Book of Heroes | Hearthstone | Adventure Mode,"Nemesis Gul'dan vs Spiritseeker Azun – Book of Heroes | Hearthstone | Adventure Mode [Heroes of Warcraft]
Solo PvE gameplay from Hearthstone's Book of Heroes adventure, featuring the Nemesis Gul'dan vs Spiritseeker Azun boss fight
[2026 03 20T11 38 39]",Opera Diva Tamsim vs Overseer Mogark – Book of Heroes | Hearthstone | Adventure Mode,Opera Diva Tamsim vs George and Karl – Book of Heroes | Hearthstone | Adventure Mode,,,manual,neighbor titles disagree,FALSE,
18,y9iPmdU3lew,2026-04-03T20:55:44Z,public,formatted,FALSE,,Opera Diva Tamsim vs George and Karl – Book of Heroes | Hearthstone | Adventure Mode,"Opera Diva Tamsim vs George and Karl – Book of Heroes | Hearthstone | Adventure Mode [Heroes of Warcraft]
Solo PvE gameplay from Hearthstone's Book of Heroes adventure, featuring the Opera Diva Tamsim vs George and Karl boss fight
[2026 03 20T11 45 05]",Nemesis Gul'dan vs Spiritseeker Azun – Book of Heroes | Hearthstone | Adventure Mode,Nemesis Gul'dan vs Blackseed – Book of Heroes | Hearthstone | Adventure Mode,,,manual,neighbor titles disagree,FALSE,
19,tZQvPGDoeWY,2026-04-03T20:44:34Z,public,formatted,FALSE,,Nemesis Gul'dan vs Blackseed – Book of Heroes | Hearthstone | Adventure Mode,"Nemesis Gul'dan vs Blackseed – Book of Heroes | Hearthstone | Adventure Mode [Heroes of Warcraft]
Solo PvE gameplay from Hearthstone's Book of Heroes adventure, featuring the Nemesis Gul'dan vs Blackseed boss fight
[2026 03 20T17 30 21]",Opera Diva Tamsim vs George and Karl – Book of Heroes | Hearthstone | Adventure Mode,Mecha Jaraxxus vs Xol the Unscathed – Book of Heroes | Hearthstone | Adventure Mode,,,manual,neighbor titles disagree,FALSE,
20,geG7UIecHdw,2026-04-03T20:43:41Z,public,formatted,FALSE,,Mecha Jaraxxus vs Xol the Unscathed – Book of Heroes | Hearthstone | Adventure Mode,"Mecha Jaraxxus vs Xol the Unscathed – Book of Heroes | Hearthstone | Adventure Mode [Heroes of Warcraft]
Solo PvE gameplay from Hearthstone's Book of Heroes adventure, featuring the Mecha Jaraxxus vs Xol the Unscathed boss fight
[2026 03 20T20 04 14]",Nemesis Gul'dan vs Blackseed – Book of Heroes | Hearthstone | Adventure Mode,King Rastakhan vs Wee Whelp – Book of Heroes | Hearthstone | Adventure Mode,,,manual,neighbor titles disagree,FALSE,
21,B1f-lB3W_SI,2026-04-03T20:42:50Z,public,formatted,FALSE,,King Rastakhan vs Wee Whelp – Book of Heroes | Hearthstone | Adventure Mode,"King Rastakhan vs Wee Whelp – Book of Heroes | Hearthstone | Adventure Mode [Heroes of Warcraft]
Solo PvE gameplay from Hearthstone's Book of Heroes adventure, featuring the King Rastakhan vs Wee Whelp boss fight
[2026 03 20T20 12 40]",Mecha Jaraxxus vs Xol the Unscathed – Book of Heroes | Hearthstone | Adventure Mode,King Rastakhan vs Frostfur – Book of Heroes | Hearthstone | Adventure Mode,,,manual,neighbor titles disagree,FALSE,
22,MJOAVcYW1rw,2026-04-03T20:42:01Z,public,formatted,FALSE,,King Rastakhan vs Frostfur – Book of Heroes | Hearthstone | Adventure Mode,"King Rastakhan vs Frostfur – Book of Heroes | Hearthstone | Adventure Mode [Heroes of Warcraft]
Solo PvE gameplay from Hearthstone's Book of Heroes adventure, featuring the King Rastakhan vs Frostfur boss fight
[2026 03 20T20 15 06]",King Rastakhan vs Wee Whelp – Book of Heroes | Hearthstone | Adventure Mode,King Rastakhan vs Graves the Cleric – Book of Heroes | Hearthstone | Adventure Mode,,,manual,neighbor titles disagree,FALSE,
23,x1MzjBAyWoc,2026-04-03T20:39:04Z,public,formatted,FALSE,,King Rastakhan vs Graves the Cleric – Book of Heroes | Hearthstone | Adventure Mode,"King Rastakhan vs Graves the Cleric – Book of Heroes | Hearthstone | Adventure Mode [Heroes of Warcraft]
Solo PvE gameplay from Hearthstone's Book of Heroes adventure, featuring the King Rastakhan vs Graves the Cleric boss fight
[2026 03 20T20 17 31]",King Rastakhan vs Frostfur – Book of Heroes | Hearthstone | Adventure Mode,N'Zoth vs Frostfur – Book of Heroes | Hearthstone | Adventure Mode,,,manual,neighbor titles disagree,FALSE,
24,eQm75ixBqKo,2026-04-03T20:38:14Z,public,formatted,FALSE,,N'Zoth vs Frostfur – Book of Heroes | Hearthstone | Adventure Mode,"N'Zoth vs Frostfur – Book of Heroes | Hearthstone | Adventure Mode [Heroes of Warcraft]
Solo PvE gameplay from Hearthstone's Book of Heroes adventure, featuring the N'Zoth vs Frostfur boss fight
[2026 03 20T11 20 19]",King Rastakhan vs Graves the Cleric – Book of Heroes | Hearthstone | Adventure Mode,King Rastakhan vs Wee Whelp – Book of Heroes | Hearthstone | Adventure Mode,,,manual,neighbor titles disagree,FALSE,
25,VeIKj4JN1Zk,2026-04-03T20:37:25Z,public,formatted,FALSE,,King Rastakhan vs Wee Whelp – Book of Heroes | Hearthstone | Adventure Mode,"King Rastakhan vs Wee Whelp – Book of Heroes | Hearthstone | Adventure Mode [Heroes of Warcraft]
Solo PvE gameplay from Hearthstone's Book of Heroes adventure, featuring the King Rastakhan vs Wee Whelp boss fight
[2026 03 20T20 35 09]",N'Zoth vs Frostfur – Book of Heroes | Hearthstone | Adventure Mode,Garrosh of Wrath vs Elder Brandlemar – Book of Heroes | Hearthstone | Adventure Mode,,,manual,neighbor titles disagree,FALSE,
26,CoeCbvtqDMg,2026-03-31T03:09:42Z,public,formatted,FALSE,,Garrosh of Wrath vs Elder Brandlemar – Book of Heroes | Hearthstone | Adventure Mode,"Garrosh of Wrath vs Elder Brandlemar – Book of Heroes | Hearthstone | Adventure Mode [Heroes of Warcraft]
Solo PvE gameplay from Hearthstone's Book of Heroes adventure, featuring the Garrosh of Wrath vs Elder Brandlemar boss fight
[2026 03 15T23 23 35]",King Rastakhan vs Wee Whelp – Book of Heroes | Hearthstone | Adventure Mode,Garrosh of Wrath vs Seriona – Book of Heroes | Hearthstone | Adventure Mode,,,manual,neighbor titles disagree,FALSE,
27,hpW4xpmC_P0,2026-03-31T03:48:44Z,public,formatted,FALSE,,Garrosh of Wrath vs Seriona – Book of Heroes | Hearthstone | Adventure Mode,"Garrosh of Wrath vs Seriona – Book of Heroes | Hearthstone | Adventure Mode [Heroes of Warcraft]
Solo PvE gameplay from Hearthstone's Book of Heroes adventure, featuring the Garrosh of Wrath vs Seriona boss fight
[2026 03 15T23 40 09]",Garrosh of Wrath vs Elder Brandlemar – Book of Heroes | Hearthstone | Adventure Mode,Garrosh of Wrath vs Kraxx – Book of Heroes | Hearthstone | Adventure Mode,,,manual,neighbor titles disagree,FALSE,
28,m0baO1ZepIY,2026-03-31T03:47:52Z,public,formatted,FALSE,,Garrosh of Wrath vs Kraxx – Book of Heroes | Hearthstone | Adventure Mode,"Garrosh of Wrath vs Kraxx – Book of Heroes | Hearthstone | Adventure Mode [Heroes of Warcraft]
Solo PvE gameplay from Hearthstone's Book of Heroes adventure, featuring the Garrosh of Wrath vs Kraxx boss fight
[2026 03 15T23 45 44]",Garrosh of Wrath vs Seriona – Book of Heroes | Hearthstone | Adventure Mode,Garrosh of Wrath vs Giant Rat – Book of Heroes | Hearthstone | Adventure Mode,,,manual,neighbor titles disagree,FALSE,
29,m4TqBIqNZuo,2026-03-31T03:47:06Z,public,formatted,FALSE,,Garrosh of Wrath vs Giant Rat – Book of Heroes | Hearthstone | Adventure Mode,"Garrosh of Wrath vs Giant Rat – Book of Heroes | Hearthstone | Adventure Mode [Heroes of Warcraft]
Solo PvE gameplay from Hearthstone's Book of Heroes adventure, featuring the Garrosh of Wrath vs Giant Rat boss fight
[2026 03 15T23 54 35]",Garrosh of Wrath vs Kraxx – Book of Heroes | Hearthstone | Adventure Mode,Garrosh of Wrath vs Frostfur – Book of Heroes | Hearthstone | Adventure Mode,,,manual,neighbor titles disagree,FALSE,
30,MS0YJ8CGAK0,2026-03-31T03:11:13Z,public,formatted,FALSE,,Garrosh of Wrath vs Frostfur – Book of Heroes | Hearthstone | Adventure Mode,"Garrosh of Wrath vs Frostfur – Book of Heroes | Hearthstone | Adventure Mode [Heroes of Warcraft]
Solo PvE gameplay from Hearthstone's Book of Heroes adventure, featuring the Garrosh of Wrath vs Frostfur boss fight
[2026 03 16T00 05 50]",Garrosh of Wrath vs Giant Rat – Book of Heroes | Hearthstone | Adventure Mode,Garrosh of Wrath vs Elder Brandlemar – Book of Heroes | Hearthstone | Adventure Mode,,,manual,neighbor titles disagree,FALSE,
31,ViJw_5uIAD8,2026-03-31T03:11:55Z,public,formatted,FALSE,,Garrosh of Wrath vs Elder Brandlemar – Book of Heroes | Hearthstone | Adventure Mode,"Garrosh of Wrath vs Elder Brandlemar – Book of Heroes | Hearthstone | Adventure Mode [Heroes of Warcraft]
Solo PvE gameplay from Hearthstone's Book of Heroes adventure, featuring the Garrosh of Wrath vs Elder Brandlemar boss fight
[2026 03 16T00 09 48]",Garrosh of Wrath vs Frostfur – Book of Heroes | Hearthstone | Adventure Mode,Garrosh of Wrath vs Russell the Bard – Book of Heroes | Hearthstone | Adventure Mode,,,manual,neighbor titles disagree,FALSE,
32,nrSLPUvfsyc,2026-03-31T03:12:36Z,public,formatted,FALSE,,Garrosh of Wrath vs Russell the Bard – Book of Heroes | Hearthstone | Adventure Mode,"Garrosh of Wrath vs Russell the Bard – Book of Heroes | Hearthstone | Adventure Mode [Heroes of Warcraft]
Solo PvE gameplay from Hearthstone's Book of Heroes adventure, featuring the Garrosh of Wrath vs Russell the Bard boss fight
[2026 03 16T00 14 36]",Garrosh of Wrath vs Elder Brandlemar – Book of Heroes | Hearthstone | Adventure Mode,Garrosh of Wrath vs Wee Whelp – Book of Heroes | Hearthstone | Adventure Mode,,,manual,neighbor titles disagree,FALSE,
33,nvPC-T20iUA,2026-03-31T03:13:03Z,public,formatted,FALSE,,Garrosh of Wrath vs Wee Whelp – Book of Heroes | Hearthstone | Adventure Mode,"Garrosh of Wrath vs Wee Whelp – Book of Heroes | Hearthstone | Adventure Mode [Heroes of Warcraft]
Solo PvE gameplay from Hearthstone's Book of Heroes adventure, featuring the Garrosh of Wrath vs Wee Whelp boss fight
[2026 03 16T00 22 32]",Garrosh of Wrath vs Russell the Bard – Book of Heroes | Hearthstone | Adventure Mode,Garrosh of Wrath vs Frostfur – Book of Heroes | Hearthstone | Adventure Mode,,,manual,neighbor titles disagree,FALSE,
34,50V88esRb_g,2026-03-31T03:14:31Z,public,formatted,FALSE,,Garrosh of Wrath vs Frostfur – Book of Heroes | Hearthstone | Adventure Mode,"Garrosh of Wrath vs Frostfur – Book of Heroes | Hearthstone | Adventure Mode [Heroes of Warcraft]
Solo PvE gameplay from Hearthstone's Book of Heroes adventure, featuring the Garrosh of Wrath vs Frostfur boss fight
[2026 03 16T00 28 03]",Garrosh of Wrath vs Wee Whelp – Book of Heroes | Hearthstone | Adventure Mode,Garrosh of Wrath vs Bristlesnarl – Book of Heroes | Hearthstone | Adventure Mode,,,manual,neighbor titles disagree,FALSE,
35,7PisVQJUi1I,2026-03-31T03:14:07Z,public,formatted,FALSE,,Garrosh of Wrath vs Bristlesnarl – Book of Heroes | Hearthstone | Adventure Mode,"Garrosh of Wrath vs Bristlesnarl – Book of Heroes | Hearthstone | Adventure Mode [Heroes of Warcraft]
Solo PvE gameplay from Hearthstone's Book of Heroes adventure, featuring the Garrosh of Wrath vs Bristlesnarl boss fight
[2026 03 16T01 24 26]",Garrosh of Wrath vs Frostfur – Book of Heroes | Hearthstone | Adventure Mode,Garrosh of Wrath vs Wee Whelp – Book of Heroes | Hearthstone | Adventure Mode,,,manual,neighbor titles disagree,FALSE,
36,xSkb89hW4i4,2026-03-31T03:15:34Z,public,formatted,FALSE,,Garrosh of Wrath vs Wee Whelp – Book of Heroes | Hearthstone | Adventure Mode,"Garrosh of Wrath vs Wee Whelp – Book of Heroes | Hearthstone | Adventure Mode [Heroes of Warcraft]
Solo PvE gameplay from Hearthstone's Book of Heroes adventure, featuring the Garrosh of Wrath vs Wee Whelp boss fight
[2026 03 16T18 43 22]",Garrosh of Wrath vs Bristlesnarl – Book of Heroes | Hearthstone | Adventure Mode,Garrosh of Wrath vs Graves the Cleric – Book of Heroes | Hearthstone | Adventure Mode,,,manual,neighbor titles disagree,FALSE,
37,YOeacM70l90,2026-03-31T03:16:14Z,public,formatted,FALSE,,Garrosh of Wrath vs Graves the Cleric – Book of Heroes | Hearthstone | Adventure Mode,"Garrosh of Wrath vs Graves the Cleric – Book of Heroes | Hearthstone | Adventure Mode [Heroes of Warcraft]
Solo PvE gameplay from Hearthstone's Book of Heroes adventure, featuring the Garrosh of Wrath vs Graves the Cleric boss fight
[2026 03 16T18 45 33]",Garrosh of Wrath vs Wee Whelp – Book of Heroes | Hearthstone | Adventure Mode,Garrosh of Wrath vs Pathmaker Hamm – Book of Heroes | Hearthstone | Adventure Mode,,,manual,neighbor titles disagree,FALSE,
38,tgEg_ZlV8JY,2026-03-31T03:17:34Z,public,formatted,FALSE,,Garrosh of Wrath vs Pathmaker Hamm – Book of Heroes | Hearthstone | Adventure Mode,"Garrosh of Wrath vs Pathmaker Hamm – Book of Heroes | Hearthstone | Adventure Mode [Heroes of Warcraft]
Solo PvE gameplay from Hearthstone's Book of Heroes adventure, featuring the Garrosh of Wrath vs Pathmaker Hamm boss fight
[2026 03 16T18 49 01]",Garrosh of Wrath vs Graves the Cleric – Book of Heroes | Hearthstone | Adventure Mode,,Garrosh of Wrath vs Graves the Cleric – Book of Heroes | Hearthstone | Adventure Mode,"Hearthstone Book of Heroes gameplay from Adventure Mode.

Part of the Hearthstone - Adventure mode playlist.",low,previous formatted neighbor only,FALSE,
39,H6Q5cVHSMlc,2026-03-31T03:18:33Z,public,default_timestamp,TRUE,2026-03-16 18:53:10,Hearthstone  Heroes of Warcraft   2026 03 16T18 53 10,"Hearthstone  Heroes of Warcraft   2026 03 16T18 53 10 – Book of Heroes | Hearthstone | Adventure Mode [Heroes of Warcraft]
Solo PvE gameplay from Hearthstone's Book of Heroes adventure, featuring the Hearthstone  Heroes of Warcraft   2026 03 16T18 53 10 boss fight",Garrosh of Wrath vs Pathmaker Hamm – Book of Heroes | Hearthstone | Adventure Mode,,Garrosh of Wrath vs Pathmaker Hamm – Book of Heroes | Hearthstone | Adventure Mode,"Hearthstone Book of Heroes gameplay from Adventure Mode.

Part of the Hearthstone - Adventure mode playlist.",low,previous formatted neighbor only,FALSE,
40,XI8dDb-3HWk,2026-03-31T03:20:15Z,public,default_timestamp,TRUE,2026-03-16 19:01:35,Hearthstone  Heroes of Warcraft   2026 03 16T19 01 35,"Hearthstone  Heroes of Warcraft   2026 03 16T19 01 35 – Book of Heroes | Hearthstone | Adventure Mode [Heroes of Warcraft]
Solo PvE gameplay from Hearthstone's Book of Heroes adventure, featuring the Hearthstone  Heroes of Warcraft   2026 03 16T19 01 35 boss fight",Garrosh of Wrath vs Pathmaker Hamm – Book of Heroes | Hearthstone | Adventure Mode,,Garrosh of Wrath vs Pathmaker Hamm – Book of Heroes | Hearthstone | Adventure Mode,"Hearthstone Book of Heroes gameplay from Adventure Mode.

Part of the Hearthstone - Adventure mode playlist.",low,previous formatted neighbor only,FALSE,
41,pZ1kev3VSQg,2026-03-31T03:21:14Z,public,default_timestamp,TRUE,2026-03-16 19:15:52,Hearthstone  Heroes of Warcraft   2026 03 16T19 15 52,"Hearthstone  Heroes of Warcraft   2026 03 16T19 15 52 – Book of Heroes | Hearthstone | Adventure Mode [Heroes of Warcraft]
Solo PvE gameplay from Hearthstone's Book of Heroes adventure, featuring the Hearthstone  Heroes of Warcraft   2026 03 16T19 15 52 boss fight",Garrosh of Wrath vs Pathmaker Hamm – Book of Heroes | Hearthstone | Adventure Mode,,Garrosh of Wrath vs Pathmaker Hamm – Book of Heroes | Hearthstone | Adventure Mode,"Hearthstone Book of Heroes gameplay from Adventure Mode.

Part of the Hearthstone - Adventure mode playlist.",low,previous formatted neighbor only,FALSE,
42,EuRuxHaeInM,2026-03-31T03:05:20Z,public,default_timestamp,TRUE,2026-03-16 19:24:22,Hearthstone  Heroes of Warcraft   2026 03 16T19 24 22,"Hearthstone  Heroes of Warcraft   2026 03 16T19 24 22 – Book of Heroes | Hearthstone | Adventure Mode [Heroes of Warcraft]
Solo PvE gameplay from Hearthstone's Book of Heroes adventure, featuring the Hearthstone  Heroes of Warcraft   2026 03 16T19 24 22 boss fight",Garrosh of Wrath vs Pathmaker Hamm – Book of Heroes | Hearthstone | Adventure Mode,,Garrosh of Wrath vs Pathmaker Hamm – Book of Heroes | Hearthstone | Adventure Mode,"Hearthstone Book of Heroes gameplay from Adventure Mode.

Part of the Hearthstone - Adventure mode playlist.",low,previous formatted neighbor only,FALSE,
43,34GIEuLf53A,2026-03-31T03:03:07Z,public,default_timestamp,TRUE,2026-03-16 19:30:54,Hearthstone  Heroes of Warcraft   2026 03 16T19 30 54,"Hearthstone  Heroes of Warcraft   2026 03 16T19 30 54 – Book of Heroes | Hearthstone | Adventure Mode [Heroes of Warcraft]
Solo PvE gameplay from Hearthstone's Book of Heroes adventure, featuring the Hearthstone  Heroes of Warcraft   2026 03 16T19 30 54 boss fight",,,,,manual,no nearby formatted neighbors,FALSE,
44,Jz0aYw3oveE,2026-03-31T03:22:35Z,public,default_timestamp,TRUE,2026-03-16 00:37:59,Hearthstone  Heroes of Warcraft   2026 03 16T00 37 59,"Hearthstone  Heroes of Warcraft   2026 03 16T00 37 59 – Book of Heroes | Hearthstone | Adventure Mode [Heroes of Warcraft]
Solo PvE gameplay from Hearthstone's Book of Heroes adventure, featuring the Hearthstone  Heroes of Warcraft   2026 03 16T00 37 59 boss fight",,,,,manual,no nearby formatted neighbors,FALSE,
45,l2gKlOAbJzc,2026-03-31T03:23:16Z,public,default_timestamp,TRUE,2026-03-16 00:45:38,Hearthstone  Heroes of Warcraft   2026 03 16T00 45 38,"Hearthstone  Heroes of Warcraft   2026 03 16T00 45 38 – Book of Heroes | Hearthstone | Adventure Mode [Heroes of Warcraft]
Solo PvE gameplay from Hearthstone's Book of Heroes adventure, featuring the Hearthstone  Heroes of Warcraft   2026 03 16T00 45 38 boss fight",,,,,manual,no nearby formatted neighbors,FALSE,
46,0PlvGGBRsto,2026-03-31T03:24:04Z,public,default_timestamp,TRUE,2026-03-16 00:49:53,Hearthstone  Heroes of Warcraft   2026 03 16T00 49 53,"Hearthstone  Heroes of Warcraft   2026 03 16T00 49 53 – Book of Heroes | Hearthstone | Adventure Mode [Heroes of Warcraft]
Solo PvE gameplay from Hearthstone's Book of Heroes adventure, featuring the Hearthstone  Heroes of Warcraft   2026 03 16T00 49 53 boss fight",,,,,manual,no nearby formatted neighbors,FALSE,
47,BEnj_Y2XzzM,2026-03-31T03:24:57Z,public,default_timestamp,TRUE,2026-03-16 00:53:55,Hearthstone  Heroes of Warcraft   2026 03 16T00 53 55,"Hearthstone  Heroes of Warcraft   2026 03 16T00 53 55 – Book of Heroes | Hearthstone | Adventure Mode [Heroes of Warcraft]
Solo PvE gameplay from Hearthstone's Book of Heroes adventure, featuring the Hearthstone  Heroes of Warcraft   2026 03 16T00 53 55 boss fight",,,,,manual,no nearby formatted neighbors,FALSE,
48,pjZc4VY6XZs,2026-03-31T03:25:39Z,public,default_timestamp,TRUE,2026-03-16 01:00:11,Hearthstone  Heroes of Warcraft   2026 03 16T01 00 11,"Hearthstone  Heroes of Warcraft   2026 03 16T01 00 11 – Book of Heroes | Hearthstone | Adventure Mode [Heroes of Warcraft]
Solo PvE gameplay from Hearthstone's Book of Heroes adventure, featuring the Hearthstone  Heroes of Warcraft   2026 03 16T01 00 11 boss fight",,,,,manual,no nearby formatted neighbors,FALSE,
49,O-r-kj9-M68,2026-03-31T03:27:07Z,public,default_timestamp,TRUE,2026-03-16 01:09:06,Hearthstone  Heroes of Warcraft   2026 03 16T01 09 06,"Hearthstone  Heroes of Warcraft   2026 03 16T01 09 06 – Book of Heroes | Hearthstone | Adventure Mode [Heroes of Warcraft]
Solo PvE gameplay from Hearthstone's Book of Heroes adventure, featuring the Hearthstone  Heroes of Warcraft   2026 03 16T01 09 06 boss fight",,,,,manual,no nearby formatted neighbors,FALSE,
50,2rDG9U-_mR8,2026-03-31T03:28:17Z,public,default_timestamp,TRUE,2026-03-16 19:53:25,Hearthstone  Heroes of Warcraft   2026 03 16T19 53 25,"Hearthstone  Heroes of Warcraft   2026 03 16T19 53 25 – Book of Heroes | Hearthstone | Adventure Mode [Heroes of Warcraft]
Solo PvE gameplay from Hearthstone's Book of Heroes adventure, featuring the Hearthstone  Heroes of Warcraft   2026 03 16T19 53 25 boss fight",,,,,manual,no nearby formatted neighbors,FALSE,
51,aDYuFbn4814,2026-03-31T03:29:32Z,public,default_timestamp,TRUE,2026-03-16 20:00:25,Hearthstone  Heroes of Warcraft   2026 03 16T20 00 25,"Hearthstone  Heroes of Warcraft   2026 03 16T20 00 25 – Book of Heroes | Hearthstone | Adventure Mode [Heroes of Warcraft]
Solo PvE gameplay from Hearthstone's Book of Heroes adventure, featuring the Hearthstone  Heroes of Warcraft   2026 03 16T20 00 25 boss fight",,,,,manual,no nearby formatted neighbors,FALSE,
52,MAj8hMkMXMg,2026-03-31T03:30:10Z,public,default_timestamp,TRUE,2026-03-16 20:06:40,Hearthstone  Heroes of Warcraft   2026 03 16T20 06 40,"Hearthstone  Heroes of Warcraft   2026 03 16T20 06 40 – Book of Heroes | Hearthstone | Adventure Mode [Heroes of Warcraft]
Solo PvE gameplay from Hearthstone's Book of Heroes adventure, featuring the Hearthstone  Heroes of Warcraft   2026 03 16T20 06 40 boss fight",,,,,manual,no nearby formatted neighbors,FALSE,
53,u3juuaGT7PU,2026-03-31T03:32:27Z,public,default_timestamp,TRUE,2026-03-16 20:15:47,Hearthstone  Heroes of Warcraft   2026 03 16T20 15 47,"Hearthstone  Heroes of Warcraft   2026 03 16T20 15 47 – Book of Heroes | Hearthstone | Adventure Mode [Heroes of Warcraft]
Solo PvE gameplay from Hearthstone's Book of Heroes adventure, featuring the Hearthstone  Heroes of Warcraft   2026 03 16T20 15 47 boss fight",,,,,manual,no nearby formatted neighbors,FALSE,
54,e6Y5uGrf7RM,2026-03-31T03:33:26Z,public,default_timestamp,TRUE,2026-03-16 20:25:31,Hearthstone  Heroes of Warcraft   2026 03 16T20 25 31,"Hearthstone  Heroes of Warcraft   2026 03 16T20 25 31 – Book of Heroes | Hearthstone | Adventure Mode [Heroes of Warcraft]
Solo PvE gameplay from Hearthstone's Book of Heroes adventure, featuring the Hearthstone  Heroes of Warcraft   2026 03 16T20 25 31 boss fight",,,,,manual,no nearby formatted neighbors,FALSE,
55,hvfxZrLigAg,2026-03-31T03:34:31Z,public,default_timestamp,TRUE,2026-03-16 20:33:29,Hearthstone  Heroes of Warcraft   2026 03 16T20 33 29,"Hearthstone  Heroes of Warcraft   2026 03 16T20 33 29 – Book of Heroes | Hearthstone | Adventure Mode [Heroes of Warcraft]
Solo PvE gameplay from Hearthstone's Book of Heroes adventure, featuring the Hearthstone  Heroes of Warcraft   2026 03 16T20 33 29 boss fight",,,,,manual,no nearby formatted neighbors,FALSE,
56,TFS2nmuOL8Y,2026-03-30T22:55:32Z,public,default_timestamp,TRUE,2026-03-20 20:45:21,Hearthstone Heroes of Warcraft 2026 03 20T20 45 21,"Hearthstone Heroes of Warcraft 2026 03 20T20 45 21 – Book of Heroes | Hearthstone | Adventure Mode [Heroes of Warcraft]
Solo PvE gameplay from Hearthstone's Book of Heroes adventure, featuring the Hearthstone Heroes of Warcraft 2026 03 20T20 45 21 boss fight",,,,,manual,no nearby formatted neighbors,FALSE,
57,e_03l87DWT4,2026-03-30T22:50:10Z,public,default_timestamp,TRUE,2026-03-20 20:49:59,Hearthstone  Heroes of Warcraft   2026 03 20T20 49 59,"Hearthstone  Heroes of Warcraft   2026 03 20T20 49 59 – Book of Heroes | Hearthstone | Adventure Mode [Heroes of Warcraft]
Solo PvE gameplay from Hearthstone's Book of Heroes adventure, featuring the Hearthstone  Heroes of Warcraft   2026 03 20T20 49 59 boss fight",,,,,manual,no nearby formatted neighbors,FALSE,
58,9ZrO9B9VD_I,2026-03-30T22:36:24Z,public,default_timestamp,TRUE,2026-03-20 20:54:58,Hearthstone Heroes of Warcraft 2026 03 20T20 54 58,"Hearthstone Heroes of Warcraft 2026 03 20T20 54 58 – Book of Heroes | Hearthstone | Adventure Mode [Heroes of Warcraft]
Solo PvE gameplay from Hearthstone's Book of Heroes adventure, featuring the Hearthstone Heroes of Warcraft 2026 03 20T20 54 58 boss fight",,,,,manual,no nearby formatted neighbors,FALSE,
59,_AIMvr34gAc,2026-03-30T22:19:58Z,public,default_timestamp,TRUE,2026-03-20 21:03:08,Hearthstone Heroes of Warcraft 2026 03 20T21 03 08,"Hearthstone Heroes of Warcraft 2026 03 20T21 03 08 – Book of Heroes | Hearthstone | Adventure Mode [Heroes of Warcraft]
Solo PvE gameplay from Hearthstone's Book of Heroes adventure, featuring the Hearthstone Heroes of Warcraft 2026 03 20T21 03 08 boss fight",,,,,manual,no nearby formatted neighbors,FALSE,
60,wmQ-4wHJr2w,2026-03-30T22:17:40Z,public,default_timestamp,TRUE,2026-03-19 23:47:39,Hearthstone Heroes of Warcraft 2026 03 19T23 47 39,"Hearthstone Heroes of Warcraft 2026 03 19T23 47 39 – Book of Heroes | Hearthstone | Adventure Mode [Heroes of Warcraft]
Solo PvE gameplay from Hearthstone's Book of Heroes adventure, featuring the Hearthstone Heroes of Warcraft 2026 03 19T23 47 39 boss fight",,,,,manual,no nearby formatted neighbors,FALSE,
61,gAq5wGTPcjM,2026-03-30T22:14:56Z,public,default_timestamp,TRUE,2026-03-19 23:50:56,Hearthstone Heroes of Warcraft 2026 03 19T23 50 56,"Hearthstone Heroes of Warcraft 2026 03 19T23 50 56 – Book of Heroes | Hearthstone | Adventure Mode [Heroes of Warcraft]
Solo PvE gameplay from Hearthstone's Book of Heroes adventure, featuring the Hearthstone Heroes of Warcraft 2026 03 19T23 50 56 boss fight",,,,,manual,no nearby formatted neighbors,FALSE,
62,YHyKwBJkRLU,2026-03-30T22:12:55Z,public,default_timestamp,TRUE,2026-03-19 23:53:51,Hearthstone Heroes of Warcraft 2026 03 19T23 53 51,"Hearthstone Heroes of Warcraft 2026 03 19T23 53 51 – Book of Heroes | Hearthstone | Adventure Mode [Heroes of Warcraft]
Solo PvE gameplay from Hearthstone's Book of Heroes adventure, featuring the Hearthstone Heroes of Warcraft 2026 03 19T23 53 51 boss fight",,,,,manual,no nearby formatted neighbors,FALSE,
63,-Mvsoz_uCQY,2026-03-30T22:07:10Z,public,contains_timestamp,FALSE,,Hearthstone [Heroes of Warcraft] 2026 03 19T23 59 06,"Hearthstone [Heroes of Warcraft] 2026 03 19T23 59 06 – Book of Heroes | Hearthstone | Adventure Mode [Heroes of Warcraft]
Solo PvE gameplay from Hearthstone's Book of Heroes adventure, featuring the Hearthstone [Heroes of Warcraft] 2026 03 19T23 59 06 boss fight",,,,,manual,no nearby formatted neighbors,FALSE,
64,cpvhsi30fhY,2026-03-30T21:59:51Z,public,contains_timestamp,FALSE,,Hearthstone [Heroes of Warcraft] 2026 03 20T00 03 40,"Hearthstone [Heroes of Warcraft] 2026 03 20T00 03 40 – Book of Heroes | Hearthstone | Adventure Mode [Heroes of Warcraft]
Solo PvE gameplay from Hearthstone's Book of Heroes adventure, featuring the Hearthstone [Heroes of Warcraft] 2026 03 20T00 03 40 boss fight",,,,,manual,no nearby formatted neighbors,FALSE,
65,QA9TDNnf9Mc,2026-03-30T21:49:00Z,public,contains_timestamp,FALSE,,Hearthstone [Heroes of Warcraft]  2026 03 20T00 12 14,"Hearthstone [Heroes of Warcraft]  2026 03 20T00 12 14 – Book of Heroes | Hearthstone | Adventure Mode [Heroes of Warcraft]
Solo PvE gameplay from Hearthstone's Book of Heroes adventure, featuring the Hearthstone [Heroes of Warcraft]  2026 03 20T00 12 14 boss fight",,,,,manual,no nearby formatted neighbors,FALSE,
66,L65j6u86t_g,2026-03-30T21:46:56Z,public,default_timestamp,TRUE,2026-03-20 00:17:39,Hearthstone Heroes of Warcraft  2026 03 20T00 17 39,"Hearthstone Heroes of Warcraft  2026 03 20T00 17 39 – Book of Heroes | Hearthstone | Adventure Mode [Heroes of Warcraft]
Solo PvE gameplay from Hearthstone's Book of Heroes adventure, featuring the Hearthstone Heroes of Warcraft  2026 03 20T00 17 39 boss fight",,,,,manual,no nearby formatted neighbors,FALSE,
67,5ynk3Hto8xw,2026-03-30T21:45:27Z,public,default_timestamp,TRUE,2026-03-20 00:21:35,Hearthstone Heroes of Warcraft  2026 03 20T00 21 35,"Hearthstone Heroes of Warcraft  2026 03 20T00 21 35 – Book of Heroes | Hearthstone | Adventure Mode [Heroes of Warcraft]
Solo PvE gameplay from Hearthstone's Book of Heroes adventure, featuring the Hearthstone Heroes of Warcraft  2026 03 20T00 21 35 boss fight",,,,,manual,no nearby formatted neighbors,FALSE,
68,nlf6FJQgED4,2026-03-30T21:42:25Z,public,default_timestamp,TRUE,2026-03-20 00:25:39,Hearthstone Heroes of Warcraft  2026 03 20T00 25 39,"Hearthstone Heroes of Warcraft  2026 03 20T00 25 39 – Book of Heroes | Hearthstone | Adventure Mode [Heroes of Warcraft]
Solo PvE gameplay from Hearthstone's Book of Heroes adventure, featuring the Hearthstone Heroes of Warcraft  2026 03 20T00 25 39 boss fight",,,,,manual,no nearby formatted neighbors,FALSE,
69,HMUsLDng-7Q,2026-03-30T21:41:19Z,public,default_timestamp,TRUE,2026-03-20 00:29:49,Hearthstone Heroes of Warcraft  2026 03 20T00 29 49,"Hearthstone Heroes of Warcraft  2026 03 20T00 29 49 – Book of Heroes | Hearthstone | Adventure Mode [Heroes of Warcraft]
Solo PvE gameplay from Hearthstone's Book of Heroes adventure, featuring the Hearthstone Heroes of Warcraft  2026 03 20T00 29 49 boss fight",,,,,manual,no nearby formatted neighbors,FALSE,
70,fSxyH_av4p0,2026-03-30T21:23:14Z,public,default_timestamp,TRUE,2026-03-20 00:33:13,Hearthstone Heroes of Warcraft 2026 03 20T00 33 13,"Hearthstone Heroes of Warcraft 2026 03 20T00 33 13 – Book of Heroes | Hearthstone | Adventure Mode [Heroes of Warcraft]
Solo PvE gameplay from Hearthstone's Book of Heroes adventure, featuring the Hearthstone Heroes of Warcraft 2026 03 20T00 33 13 boss fight",,,,,manual,no nearby formatted neighbors,FALSE,
71,DvCGhBBt7Gw,2026-03-30T04:50:16Z,public,default_timestamp,TRUE,2026-03-23 20:03:48,Hearthstone  Heroes of Warcraft   2026 03 23T20 03 48,"Hearthstone  Heroes of Warcraft   2026 03 23T20 03 48 – Book of Heroes | Hearthstone | Adventure Mode [Heroes of Warcraft]
Solo PvE gameplay from Hearthstone's Book of Heroes adventure, featuring the Hearthstone  Heroes of Warcraft   2026 03 23T20 03 48 boss fight",,,,,manual,no nearby formatted neighbors,FALSE,
72,xesN6tOZ0tc,2026-03-30T04:49:14Z,public,default_timestamp,TRUE,2026-03-23 20:10:51,Hearthstone  Heroes of Warcraft   2026 03 23T20 10 51,"Hearthstone  Heroes of Warcraft   2026 03 23T20 10 51 – Book of Heroes | Hearthstone | Adventure Mode [Heroes of Warcraft]
Solo PvE gameplay from Hearthstone's Book of Heroes adventure, featuring the Hearthstone  Heroes of Warcraft   2026 03 23T20 10 51 boss fight",,,,,manual,no nearby formatted neighbors,FALSE,
73,dysfx9RgEFo,2026-03-30T04:48:02Z,public,default_timestamp,TRUE,2026-03-23 20:19:46,Hearthstone  Heroes of Warcraft   2026 03 23T20 19 46,"Hearthstone  Heroes of Warcraft   2026 03 23T20 19 46 – Book of Heroes | Hearthstone | Adventure Mode [Heroes of Warcraft]
Solo PvE gameplay from Hearthstone's Book of Heroes adventure, featuring the Hearthstone  Heroes of Warcraft   2026 03 23T20 19 46 boss fight",,,,,manual,no nearby formatted neighbors,FALSE,
74,W1LbHzhnGxM,2026-03-30T04:46:55Z,public,default_timestamp,TRUE,2026-03-23 20:33:02,Hearthstone  Heroes of Warcraft   2026 03 23T20 33 02,"Hearthstone  Heroes of Warcraft   2026 03 23T20 33 02 – Book of Heroes | Hearthstone | Adventure Mode [Heroes of Warcraft]
Solo PvE gameplay from Hearthstone's Book of Heroes adventure, featuring the Hearthstone  Heroes of Warcraft   2026 03 23T20 33 02 boss fight",,,,,manual,no nearby formatted neighbors,FALSE,
75,mVKRY0tqPRk,2026-03-30T04:45:53Z,public,default_timestamp,TRUE,2026-03-23 21:00:44,Hearthstone  Heroes of Warcraft   2026 03 23T21 00 44,"Hearthstone  Heroes of Warcraft   2026 03 23T21 00 44 – Book of Heroes | Hearthstone | Adventure Mode [Heroes of Warcraft]
Solo PvE gameplay from Hearthstone's Book of Heroes adventure, featuring the Hearthstone  Heroes of Warcraft   2026 03 23T21 00 44 boss fight",,,,,manual,no nearby formatted neighbors,FALSE,
76,P2FIx9jtqqw,2026-03-30T04:44:20Z,public,default_timestamp,TRUE,2026-03-23 17:47:02,Hearthstone  Heroes of Warcraft   2026 03 23T17 47 02,"Hearthstone  Heroes of Warcraft   2026 03 23T17 47 02 – Book of Heroes | Hearthstone | Adventure Mode [Heroes of Warcraft]
Solo PvE gameplay from Hearthstone's Book of Heroes adventure, featuring the Hearthstone  Heroes of Warcraft   2026 03 23T17 47 02 boss fight",,,,,manual,no nearby formatted neighbors,FALSE,
77,1KmEiHctNoE,2026-03-30T04:43:09Z,public,default_timestamp,TRUE,2026-03-23 17:50:29,Hearthstone  Heroes of Warcraft   2026 03 23T17 50 29,"Hearthstone  Heroes of Warcraft   2026 03 23T17 50 29 – Book of Heroes | Hearthstone | Adventure Mode [Heroes of Warcraft]
Solo PvE gameplay from Hearthstone's Book of Heroes adventure, featuring the Hearthstone  Heroes of Warcraft   2026 03 23T17 50 29 boss fight",,,,,manual,no nearby formatted neighbors,FALSE,
78,ijZEvd9w-Ms,2026-03-30T04:41:37Z,public,default_timestamp,TRUE,2026-03-23 17:54:29,Hearthstone  Heroes of Warcraft   2026 03 23T17 54 29,"Hearthstone  Heroes of Warcraft   2026 03 23T17 54 29 – Book of Heroes | Hearthstone | Adventure Mode [Heroes of Warcraft]
Solo PvE gameplay from Hearthstone's Book of Heroes adventure, featuring the Hearthstone  Heroes of Warcraft   2026 03 23T17 54 29 boss fight",,,,,manual,no nearby formatted neighbors,FALSE,
79,7J7G5yWzK7s,2026-03-30T04:40:40Z,public,default_timestamp,TRUE,2026-03-23 17:59:42,Hearthstone  Heroes of Warcraft   2026 03 23T17 59 42,"Hearthstone  Heroes of Warcraft   2026 03 23T17 59 42 – Book of Heroes | Hearthstone | Adventure Mode [Heroes of Warcraft]
Solo PvE gameplay from Hearthstone's Book of Heroes adventure, featuring the Hearthstone  Heroes of Warcraft   2026 03 23T17 59 42 boss fight",,,,,manual,no nearby formatted neighbors,FALSE,
80,uxYVyYiK6L0,2026-03-30T04:39:54Z,public,default_timestamp,TRUE,2026-03-23 18:04:46,Hearthstone  Heroes of Warcraft   2026 03 23T18 04 46,"Hearthstone  Heroes of Warcraft   2026 03 23T18 04 46 – Book of Heroes | Hearthstone | Adventure Mode [Heroes of Warcraft]
Solo PvE gameplay from Hearthstone's Book of Heroes adventure, featuring the Hearthstone  Heroes of Warcraft   2026 03 23T18 04 46 boss fight",,,,,manual,no nearby formatted neighbors,FALSE,
81,CSnDdQj8vEc,2026-03-30T04:38:08Z,public,default_timestamp,TRUE,2026-03-23 18:12:24,Hearthstone  Heroes of Warcraft   2026 03 23T18 12 24,"Hearthstone  Heroes of Warcraft   2026 03 23T18 12 24 – Book of Heroes | Hearthstone | Adventure Mode [Heroes of Warcraft]
Solo PvE gameplay from Hearthstone's Book of Heroes adventure, featuring the Hearthstone  Heroes of Warcraft   2026 03 23T18 12 24 boss fight",,,,,manual,no nearby formatted neighbors,FALSE,
82,8WzqAzkw6dI,2026-03-30T04:37:14Z,public,default_timestamp,TRUE,2026-03-23 18:20:28,Hearthstone  Heroes of Warcraft   2026 03 23T18 20 28,"Hearthstone  Heroes of Warcraft   2026 03 23T18 20 28 – Book of Heroes | Hearthstone | Adventure Mode [Heroes of Warcraft]
Solo PvE gameplay from Hearthstone's Book of Heroes adventure, featuring the Hearthstone  Heroes of Warcraft   2026 03 23T18 20 28 boss fight",,,,,manual,no nearby formatted neighbors,FALSE,
83,KkmtoKkEQzQ,2026-03-30T04:35:41Z,public,default_timestamp,TRUE,2026-03-23 18:25:45,Hearthstone  Heroes of Warcraft   2026 03 23T18 25 45,"Hearthstone  Heroes of Warcraft   2026 03 23T18 25 45 – Book of Heroes | Hearthstone | Adventure Mode [Heroes of Warcraft]
Solo PvE gameplay from Hearthstone's Book of Heroes adventure, featuring the Hearthstone  Heroes of Warcraft   2026 03 23T18 25 45 boss fight",,,,,manual,no nearby formatted neighbors,FALSE,
84,70Qv1sgKMG0,2026-03-30T04:34:18Z,public,default_timestamp,TRUE,2026-03-23 18:29:41,Hearthstone  Heroes of Warcraft   2026 03 23T18 29 41,"Hearthstone  Heroes of Warcraft   2026 03 23T18 29 41 – Book of Heroes | Hearthstone | Adventure Mode [Heroes of Warcraft]
Solo PvE gameplay from Hearthstone's Book of Heroes adventure, featuring the Hearthstone  Heroes of Warcraft   2026 03 23T18 29 41 boss fight",,,,,manual,no nearby formatted neighbors,FALSE,
85,ZCcbhn1HFz8,2026-03-30T04:33:16Z,public,default_timestamp,TRUE,2026-03-23 19:16:39,Hearthstone  Heroes of Warcraft   2026 03 23T19 16 39,"Hearthstone  Heroes of Warcraft   2026 03 23T19 16 39 – Book of Heroes | Hearthstone | Adventure Mode [Heroes of Warcraft]
Solo PvE gameplay from Hearthstone's Book of Heroes adventure, featuring the Hearthstone  Heroes of Warcraft   2026 03 23T19 16 39 boss fight",,,,,manual,no nearby formatted neighbors,FALSE,
86,Qn4NsmT7MoA,2026-03-30T04:32:26Z,public,default_timestamp,TRUE,2026-03-23 19:21:37,Hearthstone  Heroes of Warcraft   2026 03 23T19 21 37,"Hearthstone  Heroes of Warcraft   2026 03 23T19 21 37 – Book of Heroes | Hearthstone | Adventure Mode [Heroes of Warcraft]
Solo PvE gameplay from Hearthstone's Book of Heroes adventure, featuring the Hearthstone  Heroes of Warcraft   2026 03 23T19 21 37 boss fight",,,,,manual,no nearby formatted neighbors,FALSE,
87,pRm2v7PLUj0,2026-03-30T04:30:29Z,public,default_timestamp,TRUE,2026-03-23 19:31:28,Hearthstone  Heroes of Warcraft   2026 03 23T19 31 28,"Hearthstone  Heroes of Warcraft   2026 03 23T19 31 28 – Book of Heroes | Hearthstone | Adventure Mode [Heroes of Warcraft]
Solo PvE gameplay from Hearthstone's Book of Heroes adventure, featuring the Hearthstone  Heroes of Warcraft   2026 03 23T19 31 28 boss fight",,,,,manual,no nearby formatted neighbors,FALSE,
88,GkBTpcwM4f0,2026-03-30T04:29:37Z,public,default_timestamp,TRUE,2026-03-23 19:45:34,Hearthstone  Heroes of Warcraft   2026 03 23T19 45 34,"Hearthstone  Heroes of Warcraft   2026 03 23T19 45 34 – Book of Heroes | Hearthstone | Adventure Mode [Heroes of Warcraft]
Solo PvE gameplay from Hearthstone's Book of Heroes adventure, featuring the Hearthstone  Heroes of Warcraft   2026 03 23T19 45 34 boss fight",,,,,manual,no nearby formatted neighbors,FALSE,
89,amSq3jZt2LU,2026-03-30T04:27:46Z,public,default_timestamp,TRUE,2026-03-23 19:40:37,Hearthstone Heroes of Warcraft  2026 03 23T19 40 37,"Hearthstone Heroes of Warcraft  2026 03 23T19 40 37 – Book of Heroes | Hearthstone | Adventure Mode [Heroes of Warcraft]
Solo PvE gameplay from Hearthstone's Book of Heroes adventure, featuring the Hearthstone Heroes of Warcraft  2026 03 23T19 40 37 boss fight",,,,,manual,no nearby formatted neighbors,FALSE,
90,NDa8bC6SL68,2026-03-30T04:25:59Z,public,default_timestamp,TRUE,2026-03-23 19:53:08,Hearthstone  Heroes of Warcraft   2026 03 23T19 53 08,"Hearthstone  Heroes of Warcraft   2026 03 23T19 53 08 – Book of Heroes | Hearthstone | Adventure Mode [Heroes of Warcraft]
Solo PvE gameplay from Hearthstone's Book of Heroes adventure, featuring the Hearthstone  Heroes of Warcraft   2026 03 23T19 53 08 boss fight",,,,,manual,no nearby formatted neighbors,FALSE,
91,a38Bg2CO4J4,2026-03-30T04:24:40Z,public,default_timestamp,TRUE,2026-03-23 15:36:53,Hearthstone  Heroes of Warcraft   2026 03 23T15 36 53,"Hearthstone  Heroes of Warcraft   2026 03 23T15 36 53 – Book of Heroes | Hearthstone | Adventure Mode [Heroes of Warcraft]
Solo PvE gameplay from Hearthstone's Book of Heroes adventure, featuring the Hearthstone  Heroes of Warcraft   2026 03 23T15 36 53 boss fight",,,,,manual,no nearby formatted neighbors,FALSE,
92,MRjqgPUqG0w,2026-03-30T04:22:50Z,public,default_timestamp,TRUE,2026-03-23 15:40:41,Hearthstone  Heroes of Warcraft   2026 03 23T15 40 41,"Hearthstone  Heroes of Warcraft   2026 03 23T15 40 41 – Book of Heroes | Hearthstone | Adventure Mode [Heroes of Warcraft]
Solo PvE gameplay from Hearthstone's Book of Heroes adventure, featuring the Hearthstone  Heroes of Warcraft   2026 03 23T15 40 41 boss fight",,,,,manual,no nearby formatted neighbors,FALSE,
93,JNniKJE_cqI,2026-03-30T02:16:23Z,public,default_timestamp,TRUE,2026-03-23 15:47:53,Hearthstone  Heroes of Warcraft   2026 03 23T15 47 53,"Hearthstone  Heroes of Warcraft   2026 03 23T15 47 53 – Book of Heroes | Hearthstone | Adventure Mode [Heroes of Warcraft]
Solo PvE gameplay from Hearthstone's Book of Heroes adventure, featuring the Hearthstone  Heroes of Warcraft   2026 03 23T15 47 53 boss fight",,,,,manual,no nearby formatted neighbors,FALSE,
94,1cZzvt2pT5Y,2026-03-30T02:17:39Z,public,default_timestamp,TRUE,2026-03-23 15:55:39,Hearthstone  Heroes of Warcraft   2026 03 23T15 55 39,"Hearthstone  Heroes of Warcraft   2026 03 23T15 55 39 – Book of Heroes | Hearthstone | Adventure Mode [Heroes of Warcraft]
Solo PvE gameplay from Hearthstone's Book of Heroes adventure, featuring the Hearthstone  Heroes of Warcraft   2026 03 23T15 55 39 boss fight",,,,,manual,no nearby formatted neighbors,FALSE,
95,rV6g2GP5R3Y,2026-03-30T02:18:03Z,public,default_timestamp,TRUE,2026-03-23 15:58:28,Hearthstone  Heroes of Warcraft   2026 03 23T15 58 28,"Hearthstone  Heroes of Warcraft   2026 03 23T15 58 28 – Book of Heroes | Hearthstone | Adventure Mode [Heroes of Warcraft]
Solo PvE gameplay from Hearthstone's Book of Heroes adventure, featuring the Hearthstone  Heroes of Warcraft   2026 03 23T15 58 28 boss fight",,,,,manual,no nearby formatted neighbors,FALSE,
96,kkcycfvuExs,2026-03-30T02:18:25Z,public,default_timestamp,TRUE,2026-03-23 16:56:22,Hearthstone  Heroes of Warcraft   2026 03 23T16 56 22,"Hearthstone  Heroes of Warcraft   2026 03 23T16 56 22 – Book of Heroes | Hearthstone | Adventure Mode [Heroes of Warcraft]
Solo PvE gameplay from Hearthstone's Book of Heroes adventure, featuring the Hearthstone  Heroes of Warcraft   2026 03 23T16 56 22 boss fight",,,,,manual,no nearby formatted neighbors,FALSE,
97,Z7cWmyX659s,2026-03-30T02:21:11Z,public,default_timestamp,TRUE,2026-03-23 16:08:06,Hearthstone  Heroes of Warcraft   2026 03 23T16 08 06,"Hearthstone  Heroes of Warcraft   2026 03 23T16 08 06 – Book of Heroes | Hearthstone | Adventure Mode [Heroes of Warcraft]
Solo PvE gameplay from Hearthstone's Book of Heroes adventure, featuring the Hearthstone  Heroes of Warcraft   2026 03 23T16 08 06 boss fight",,,,,manual,no nearby formatted neighbors,FALSE,
98,883H1O1N16s,2026-03-30T02:21:37Z,public,default_timestamp,TRUE,2026-03-23 16:16:59,Hearthstone  Heroes of Warcraft   2026 03 23T16 16 59,"Hearthstone  Heroes of Warcraft   2026 03 23T16 16 59 – Book of Heroes | Hearthstone | Adventure Mode [Heroes of Warcraft]
Solo PvE gameplay from Hearthstone's Book of Heroes adventure, featuring the Hearthstone  Heroes of Warcraft   2026 03 23T16 16 59 boss fight",,,,,manual,no nearby formatted neighbors,FALSE,
99,xRBawO40Pn8,2026-03-30T02:22:26Z,public,default_timestamp,TRUE,2026-03-23 16:37:50,Hearthstone  Heroes of Warcraft   2026 03 23T16 37 50,"Hearthstone  Heroes of Warcraft   2026 03 23T16 37 50 – Book of Heroes | Hearthstone | Adventure Mode [Heroes of Warcraft]
Solo PvE gameplay from Hearthstone's Book of Heroes adventure, featuring the Hearthstone  Heroes of Warcraft   2026 03 23T16 37 50 boss fight",,,,,manual,no nearby formatted neighbors,FALSE,
100,aD_j8lDavpA,2026-03-30T02:23:10Z,public,default_timestamp,TRUE,2026-03-23 16:34:50,Hearthstone  Heroes of Warcraft   2026 03 23T16 34 50,"Hearthstone  Heroes of Warcraft   2026 03 23T16 34 50 – Book of Heroes | Hearthstone | Adventure Mode [Heroes of Warcraft]
Solo PvE gameplay from Hearthstone's Book of Heroes adventure, featuring the Hearthstone  Heroes of Warcraft   2026 03 23T16 34 50 boss fight",,,,,manual,no nearby formatted neighbors,FALSE,
101,5DvWO7bIOes,2026-03-30T02:23:59Z,public,default_timestamp,TRUE,2026-03-23 17:10:08,Hearthstone  Heroes of Warcraft   2026 03 23T17 10 08,"Hearthstone  Heroes of Warcraft   2026 03 23T17 10 08 – Book of Heroes | Hearthstone | Adventure Mode [Heroes of Warcraft]
Solo PvE gameplay from Hearthstone's Book of Heroes adventure, featuring the Hearthstone  Heroes of Warcraft   2026 03 23T17 10 08 boss fight",,,,,manual,no nearby formatted neighbors,FALSE,
102,HKc6i58YHZQ,2026-03-30T02:24:41Z,public,default_timestamp,TRUE,2026-03-23 17:27:04,Hearthstone  Heroes of Warcraft   2026 03 23T17 27 04,"Hearthstone  Heroes of Warcraft   2026 03 23T17 27 04 – Book of Heroes | Hearthstone | Adventure Mode [Heroes of Warcraft]
Solo PvE gameplay from Hearthstone's Book of Heroes adventure, featuring the Hearthstone  Heroes of Warcraft   2026 03 23T17 27 04 boss fight",,,,,manual,no nearby formatted neighbors,FALSE,
103,xsvWCUyK8nI,2026-03-30T02:25:00Z,public,default_timestamp,TRUE,2026-03-23 16:42:15,Hearthstone  Heroes of Warcraft   2026 03 23T16 42 15,"Hearthstone  Heroes of Warcraft   2026 03 23T16 42 15 – Book of Heroes | Hearthstone | Adventure Mode [Heroes of Warcraft]
Solo PvE gameplay from Hearthstone's Book of Heroes adventure, featuring the Hearthstone  Heroes of Warcraft   2026 03 23T16 42 15 boss fight",,,,,manual,no nearby formatted neighbors,FALSE,
104,RY9DjJEyLoA,2026-03-30T02:25:19Z,public,default_timestamp,TRUE,2026-03-23 17:20:42,Hearthstone  Heroes of Warcraft   2026 03 23T17 20 42,"Hearthstone  Heroes of Warcraft   2026 03 23T17 20 42 – Book of Heroes | Hearthstone | Adventure Mode [Heroes of Warcraft]
Solo PvE gameplay from Hearthstone's Book of Heroes adventure, featuring the Hearthstone  Heroes of Warcraft   2026 03 23T17 20 42 boss fight",,,,,manual,no nearby formatted neighbors,FALSE,
105,qmUldoDIw0E,2026-03-30T02:25:52Z,public,default_timestamp,TRUE,2026-03-23 17:39:03,Hearthstone  Heroes of Warcraft   2026 03 23T17 39 03,"Hearthstone  Heroes of Warcraft   2026 03 23T17 39 03 – Book of Heroes | Hearthstone | Adventure Mode [Heroes of Warcraft]
Solo PvE gameplay from Hearthstone's Book of Heroes adventure, featuring the Hearthstone  Heroes of Warcraft   2026 03 23T17 39 03 boss fight",,,,,manual,no nearby formatted neighbors,FALSE,
106,L_znqd7Qflo,2026-03-30T02:26:07Z,public,default_timestamp,TRUE,2026-03-22 13:45:09,Hearthstone  Heroes of Warcraft   2026 03 22T13 45 09,"Hearthstone  Heroes of Warcraft   2026 03 22T13 45 09 – Book of Heroes | Hearthstone | Adventure Mode [Heroes of Warcraft]
Solo PvE gameplay from Hearthstone's Book of Heroes adventure, featuring the Hearthstone  Heroes of Warcraft   2026 03 22T13 45 09 boss fight",,,,,manual,no nearby formatted neighbors,FALSE,
107,X7veMlsmSaw,2026-03-30T02:26:36Z,public,default_timestamp,TRUE,2026-03-22 13:50:00,Hearthstone  Heroes of Warcraft   2026 03 22T13 50 00,"Hearthstone  Heroes of Warcraft   2026 03 22T13 50 00 – Book of Heroes | Hearthstone | Adventure Mode [Heroes of Warcraft]
Solo PvE gameplay from Hearthstone's Book of Heroes adventure, featuring the Hearthstone  Heroes of Warcraft   2026 03 22T13 50 00 boss fight",,,,,manual,no nearby formatted neighbors,FALSE,
108,95CkkP5M4SI,2026-03-30T02:26:56Z,public,default_timestamp,TRUE,2026-03-22 13:54:25,Hearthstone  Heroes of Warcraft   2026 03 22T13 54 25,"Hearthstone  Heroes of Warcraft   2026 03 22T13 54 25 – Book of Heroes | Hearthstone | Adventure Mode [Heroes of Warcraft]
Solo PvE gameplay from Hearthstone's Book of Heroes adventure, featuring the Hearthstone  Heroes of Warcraft   2026 03 22T13 54 25 boss fight",,,,,manual,no nearby formatted neighbors,FALSE,
109,HQsImYO4C5o,2026-03-30T02:27:12Z,public,default_timestamp,TRUE,2026-03-22 14:02:05,Hearthstone  Heroes of Warcraft   2026 03 22T14 02 05,"Hearthstone  Heroes of Warcraft   2026 03 22T14 02 05 – Book of Heroes | Hearthstone | Adventure Mode [Heroes of Warcraft]
Solo PvE gameplay from Hearthstone's Book of Heroes adventure, featuring the Hearthstone  Heroes of Warcraft   2026 03 22T14 02 05 boss fight",,,,,manual,no nearby formatted neighbors,FALSE,
110,16zwuO5OWg4,2026-03-30T02:27:57Z,public,default_timestamp,TRUE,2026-03-22 14:09:58,Hearthstone  Heroes of Warcraft   2026 03 22T14 09 58,"Hearthstone  Heroes of Warcraft   2026 03 22T14 09 58 – Book of Heroes | Hearthstone | Adventure Mode [Heroes of Warcraft]
Solo PvE gameplay from Hearthstone's Book of Heroes adventure, featuring the Hearthstone  Heroes of Warcraft   2026 03 22T14 09 58 boss fight",,,,,manual,no nearby formatted neighbors,FALSE,
111,SydhGwdy3YE,2026-03-30T02:28:28Z,public,default_timestamp,TRUE,2026-03-22 14:18:30,Hearthstone  Heroes of Warcraft   2026 03 22T14 18 30,"Hearthstone  Heroes of Warcraft   2026 03 22T14 18 30 – Book of Heroes | Hearthstone | Adventure Mode [Heroes of Warcraft]
Solo PvE gameplay from Hearthstone's Book of Heroes adventure, featuring the Hearthstone  Heroes of Warcraft   2026 03 22T14 18 30 boss fight",,,,,manual,no nearby formatted neighbors,FALSE,
112,nCMsWkN7Etk,2026-03-30T02:28:42Z,public,default_timestamp,TRUE,2026-03-22 14:27:41,Hearthstone  Heroes of Warcraft   2026 03 22T14 27 41,"Hearthstone  Heroes of Warcraft   2026 03 22T14 27 41 – Book of Heroes | Hearthstone | Adventure Mode [Heroes of Warcraft]
Solo PvE gameplay from Hearthstone's Book of Heroes adventure, featuring the Hearthstone  Heroes of Warcraft   2026 03 22T14 27 41 boss fight",,,,,manual,no nearby formatted neighbors,FALSE,
113,-Sg5mGO2nCs,2026-03-30T02:29:15Z,public,default_timestamp,TRUE,2026-03-23 14:34:23,Hearthstone  Heroes of Warcraft   2026 03 23T14 34 23,"Hearthstone  Heroes of Warcraft   2026 03 23T14 34 23 – Book of Heroes | Hearthstone | Adventure Mode [Heroes of Warcraft]
Solo PvE gameplay from Hearthstone's Book of Heroes adventure, featuring the Hearthstone  Heroes of Warcraft   2026 03 23T14 34 23 boss fight",,,,,manual,no nearby formatted neighbors,FALSE,
114,mUv2ICBLn_k,2026-03-30T02:29:30Z,public,default_timestamp,TRUE,2026-03-23 14:38:15,Hearthstone  Heroes of Warcraft   2026 03 23T14 38 15,"Hearthstone  Heroes of Warcraft   2026 03 23T14 38 15 – Book of Heroes | Hearthstone | Adventure Mode [Heroes of Warcraft]
Solo PvE gameplay from Hearthstone's Book of Heroes adventure, featuring the Hearthstone  Heroes of Warcraft   2026 03 23T14 38 15 boss fight",,,,,manual,no nearby formatted neighbors,FALSE,
115,zQwll0IX0wU,2026-03-30T02:29:52Z,public,default_timestamp,TRUE,2026-03-21 20:09:07,Hearthstone  Heroes of Warcraft   2026 03 21T20 09 07,"Hearthstone  Heroes of Warcraft   2026 03 21T20 09 07 – Book of Heroes | Hearthstone | Adventure Mode [Heroes of Warcraft]
Solo PvE gameplay from Hearthstone's Book of Heroes adventure, featuring the Hearthstone  Heroes of Warcraft   2026 03 21T20 09 07 boss fight",,,,,manual,no nearby formatted neighbors,FALSE,
116,BX7V_rt3pYc,2026-03-30T02:30:14Z,public,default_timestamp,TRUE,2026-03-19 23:41:30,Hearthstone Heroes of Warcraft  2026 03 19T23 41 30,"Hearthstone Heroes of Warcraft  2026 03 19T23 41 30 – Book of Heroes | Hearthstone | Adventure Mode [Heroes of Warcraft]
Solo PvE gameplay from Hearthstone's Book of Heroes adventure, featuring the Hearthstone Heroes of Warcraft  2026 03 19T23 41 30 boss fight",,,,,manual,no nearby formatted neighbors,FALSE,
117,9gOoX4OVhio,2026-03-30T02:30:33Z,public,default_timestamp,TRUE,2026-03-20 00:43:48,Hearthstone  Heroes of Warcraft   2026 03 20T00 43 48,"Hearthstone  Heroes of Warcraft   2026 03 20T00 43 48 – Book of Heroes | Hearthstone | Adventure Mode [Heroes of Warcraft]
Solo PvE gameplay from Hearthstone's Book of Heroes adventure, featuring the Hearthstone  Heroes of Warcraft   2026 03 20T00 43 48 boss fight",,,,,manual,no nearby formatted neighbors,FALSE,
118,kpN-P48l1p4,2026-03-30T02:34:36Z,public,default_timestamp,TRUE,2026-03-20 00:50:02,Hearthstone  Heroes of Warcraft   2026 03 20T00 50 02,"Hearthstone  Heroes of Warcraft   2026 03 20T00 50 02 – Book of Heroes | Hearthstone | Adventure Mode [Heroes of Warcraft]
Solo PvE gameplay from Hearthstone's Book of Heroes adventure, featuring the Hearthstone  Heroes of Warcraft   2026 03 20T00 50 02 boss fight",,,,,manual,no nearby formatted neighbors,FALSE,
119,uzOLsKWrksQ,2026-03-30T02:35:58Z,public,default_timestamp,TRUE,2026-03-20 00:59:57,Hearthstone  Heroes of Warcraft   2026 03 20T00 59 57,"Hearthstone  Heroes of Warcraft   2026 03 20T00 59 57 – Book of Heroes | Hearthstone | Adventure Mode [Heroes of Warcraft]
Solo PvE gameplay from Hearthstone's Book of Heroes adventure, featuring the Hearthstone  Heroes of Warcraft   2026 03 20T00 59 57 boss fight",,,,,manual,no nearby formatted neighbors,FALSE,
120,y3Yl7CS3KJ4,2026-03-30T02:36:17Z,public,default_timestamp,TRUE,2026-03-20 11:16:34,Hearthstone  Heroes of Warcraft   2026 03 20T11 16 34,"Hearthstone  Heroes of Warcraft   2026 03 20T11 16 34 – Book of Heroes | Hearthstone | Adventure Mode [Heroes of Warcraft]
Solo PvE gameplay from Hearthstone's Book of Heroes adventure, featuring the Hearthstone  Heroes of Warcraft   2026 03 20T11 16 34 boss fight",,,,,manual,no nearby formatted neighbors,FALSE,
121,APdP6YCw_TI,2026-03-30T02:36:38Z,public,default_timestamp,TRUE,2026-03-21 19:05:30,Hearthstone  Heroes of Warcraft   2026 03 21T19 05 30,"Hearthstone  Heroes of Warcraft   2026 03 21T19 05 30 – Book of Heroes | Hearthstone | Adventure Mode [Heroes of Warcraft]
Solo PvE gameplay from Hearthstone's Book of Heroes adventure, featuring the Hearthstone  Heroes of Warcraft   2026 03 21T19 05 30 boss fight",,,,,manual,no nearby formatted neighbors,FALSE,
122,TqvBYRRVZ6s,2026-03-30T02:37:07Z,public,default_timestamp,TRUE,2026-03-21 19:08:44,Hearthstone  Heroes of Warcraft   2026 03 21T19 08 44,"Hearthstone  Heroes of Warcraft   2026 03 21T19 08 44 – Book of Heroes | Hearthstone | Adventure Mode [Heroes of Warcraft]
Solo PvE gameplay from Hearthstone's Book of Heroes adventure, featuring the Hearthstone  Heroes of Warcraft   2026 03 21T19 08 44 boss fight",,,,,manual,no nearby formatted neighbors,FALSE,
123,sURC6D3CEO8,2026-03-30T02:37:28Z,public,default_timestamp,TRUE,2026-03-21 19:12:07,Hearthstone  Heroes of Warcraft   2026 03 21T19 12 07,"Hearthstone  Heroes of Warcraft   2026 03 21T19 12 07 – Book of Heroes | Hearthstone | Adventure Mode [Heroes of Warcraft]
Solo PvE gameplay from Hearthstone's Book of Heroes adventure, featuring the Hearthstone  Heroes of Warcraft   2026 03 21T19 12 07 boss fight",,,,,manual,no nearby formatted neighbors,FALSE,
124,gBU-8P7vyeA,2026-03-30T02:37:51Z,public,default_timestamp,TRUE,2026-03-21 19:17:57,Hearthstone  Heroes of Warcraft   2026 03 21T19 17 57,"Hearthstone  Heroes of Warcraft   2026 03 21T19 17 57 – Book of Heroes | Hearthstone | Adventure Mode [Heroes of Warcraft]
Solo PvE gameplay from Hearthstone's Book of Heroes adventure, featuring the Hearthstone  Heroes of Warcraft   2026 03 21T19 17 57 boss fight",,,,,manual,no nearby formatted neighbors,FALSE,
125,lYxWQO8Bd0A,2026-03-30T02:38:12Z,public,default_timestamp,TRUE,2026-03-21 19:23:46,Hearthstone  Heroes of Warcraft   2026 03 21T19 23 46,"Hearthstone  Heroes of Warcraft   2026 03 21T19 23 46 – Book of Heroes | Hearthstone | Adventure Mode [Heroes of Warcraft]
Solo PvE gameplay from Hearthstone's Book of Heroes adventure, featuring the Hearthstone  Heroes of Warcraft   2026 03 21T19 23 46 boss fight",,,,,manual,no nearby formatted neighbors,FALSE,
126,7zk0bajpdQQ,2026-03-30T02:38:36Z,public,default_timestamp,TRUE,2026-03-21 19:28:15,Hearthstone  Heroes of Warcraft   2026 03 21T19 28 15,"Hearthstone  Heroes of Warcraft   2026 03 21T19 28 15 – Book of Heroes | Hearthstone | Adventure Mode [Heroes of Warcraft]
Solo PvE gameplay from Hearthstone's Book of Heroes adventure, featuring the Hearthstone  Heroes of Warcraft   2026 03 21T19 28 15 boss fight",,,,,manual,no nearby formatted neighbors,FALSE,
127,D--J8h31q50,2026-03-30T02:39:05Z,public,default_timestamp,TRUE,2026-03-24 13:56:25,Hearthstone  Heroes of Warcraft   2026 03 24T13 56 25,"Hearthstone  Heroes of Warcraft   2026 03 24T13 56 25 – Book of Heroes | Hearthstone | Adventure Mode [Heroes of Warcraft]
Solo PvE gameplay from Hearthstone's Book of Heroes adventure, featuring the Hearthstone  Heroes of Warcraft   2026 03 24T13 56 25 boss fight",,,,,manual,no nearby formatted neighbors,FALSE,
128,i4VHiX8sogQ,2026-03-30T02:39:30Z,public,default_timestamp,TRUE,2026-03-21 19:34:10,Hearthstone  Heroes of Warcraft   2026 03 21T19 34 10,"Hearthstone  Heroes of Warcraft   2026 03 21T19 34 10 – Book of Heroes | Hearthstone | Adventure Mode [Heroes of Warcraft]
Solo PvE gameplay from Hearthstone's Book of Heroes adventure, featuring the Hearthstone  Heroes of Warcraft   2026 03 21T19 34 10 boss fight",,,,,manual,no nearby formatted neighbors,FALSE,
129,2AUEcilBfW4,2026-03-30T02:39:56Z,public,default_timestamp,TRUE,2026-03-21 19:40:07,Hearthstone  Heroes of Warcraft   2026 03 21T19 40 07,"Hearthstone  Heroes of Warcraft   2026 03 21T19 40 07 – Book of Heroes | Hearthstone | Adventure Mode [Heroes of Warcraft]
Solo PvE gameplay from Hearthstone's Book of Heroes adventure, featuring the Hearthstone  Heroes of Warcraft   2026 03 21T19 40 07 boss fight",,,,,manual,no nearby formatted neighbors,FALSE,
130,fm92ULm5VYM,2026-03-30T02:44:37Z,public,default_timestamp,TRUE,2026-03-21 19:59:58,Hearthstone  Heroes of Warcraft   2026 03 21T19 59 58,"Hearthstone  Heroes of Warcraft   2026 03 21T19 59 58 – Book of Heroes | Hearthstone | Adventure Mode [Heroes of Warcraft]
Solo PvE gameplay from Hearthstone's Book of Heroes adventure, featuring the Hearthstone  Heroes of Warcraft   2026 03 21T19 59 58 boss fight",,,,,manual,no nearby formatted neighbors,FALSE,
131,2u4Fa1JR5r0,2026-03-30T02:44:58Z,public,default_timestamp,TRUE,2026-03-22 12:00:42,Hearthstone  Heroes of Warcraft   2026 03 22T12 00 42,"Hearthstone  Heroes of Warcraft   2026 03 22T12 00 42 – Book of Heroes | Hearthstone | Adventure Mode [Heroes of Warcraft]
Solo PvE gameplay from Hearthstone's Book of Heroes adventure, featuring the Hearthstone  Heroes of Warcraft   2026 03 22T12 00 42 boss fight",,,,,manual,no nearby formatted neighbors,FALSE,
132,vma12he1qKE,2026-03-30T02:45:37Z,public,default_timestamp,TRUE,2026-03-22 12:04:08,Hearthstone  Heroes of Warcraft   2026 03 22T12 04 08,"Hearthstone  Heroes of Warcraft   2026 03 22T12 04 08 – Book of Heroes | Hearthstone | Adventure Mode [Heroes of Warcraft]
Solo PvE gameplay from Hearthstone's Book of Heroes adventure, featuring the Hearthstone  Heroes of Warcraft   2026 03 22T12 04 08 boss fight",,,,,manual,no nearby formatted neighbors,FALSE,
133,hka1eYMZBMQ,2026-03-30T02:45:56Z,public,default_timestamp,TRUE,2026-03-21 20:16:50,Hearthstone  Heroes of Warcraft   2026 03 21T20 16 50,"Hearthstone  Heroes of Warcraft   2026 03 21T20 16 50 – Book of Heroes | Hearthstone | Adventure Mode [Heroes of Warcraft]
Solo PvE gameplay from Hearthstone's Book of Heroes adventure, featuring the Hearthstone  Heroes of Warcraft   2026 03 21T20 16 50 boss fight",,,,,manual,no nearby formatted neighbors,FALSE,
134,MAXwBWlbsH4,2026-03-30T02:46:42Z,public,default_timestamp,TRUE,2026-03-21 20:25:02,Hearthstone  Heroes of Warcraft   2026 03 21T20 25 02,"Hearthstone  Heroes of Warcraft   2026 03 21T20 25 02 – Book of Heroes | Hearthstone | Adventure Mode [Heroes of Warcraft]
Solo PvE gameplay from Hearthstone's Book of Heroes adventure, featuring the Hearthstone  Heroes of Warcraft   2026 03 21T20 25 02 boss fight",,,,,manual,no nearby formatted neighbors,FALSE,
135,ki3GzaYDRkg,2026-03-30T02:48:23Z,public,default_timestamp,TRUE,2026-03-22 11:01:29,Hearthstone  Heroes of Warcraft   2026 03 22T11 01 29,"Hearthstone  Heroes of Warcraft   2026 03 22T11 01 29 – Book of Heroes | Hearthstone | Adventure Mode [Heroes of Warcraft]
Solo PvE gameplay from Hearthstone's Book of Heroes adventure, featuring the Hearthstone  Heroes of Warcraft   2026 03 22T11 01 29 boss fight",,,,,manual,no nearby formatted neighbors,FALSE,
136,6-9vlgibN5Q,2026-03-30T02:49:42Z,public,default_timestamp,TRUE,2026-03-22 11:04:31,Hearthstone  Heroes of Warcraft   2026 03 22T11 04 31,"Hearthstone  Heroes of Warcraft   2026 03 22T11 04 31 – Book of Heroes | Hearthstone | Adventure Mode [Heroes of Warcraft]
Solo PvE gameplay from Hearthstone's Book of Heroes adventure, featuring the Hearthstone  Heroes of Warcraft   2026 03 22T11 04 31 boss fight",,,,,manual,no nearby formatted neighbors,FALSE,
137,S15OKUUVigo,2026-03-30T02:50:24Z,public,default_timestamp,TRUE,2026-03-22 11:21:50,Hearthstone  Heroes of Warcraft   2026 03 22T11 21 50,"Hearthstone  Heroes of Warcraft   2026 03 22T11 21 50 – Book of Heroes | Hearthstone | Adventure Mode [Heroes of Warcraft]
Solo PvE gameplay from Hearthstone's Book of Heroes adventure, featuring the Hearthstone  Heroes of Warcraft   2026 03 22T11 21 50 boss fight",,,,,manual,no nearby formatted neighbors,FALSE,
138,lzGa44tOiMU,2026-03-30T02:50:56Z,public,default_timestamp,TRUE,2026-03-22 11:27:01,Hearthstone  Heroes of Warcraft   2026 03 22T11 27 01,"Hearthstone  Heroes of Warcraft   2026 03 22T11 27 01 – Book of Heroes | Hearthstone | Adventure Mode [Heroes of Warcraft]
Solo PvE gameplay from Hearthstone's Book of Heroes adventure, featuring the Hearthstone  Heroes of Warcraft   2026 03 22T11 27 01 boss fight",,,,,manual,no nearby formatted neighbors,FALSE,
139,ZI8uWGSk_Cc,2026-03-30T02:51:49Z,public,default_timestamp,TRUE,2026-03-22 11:37:39,Hearthstone  Heroes of Warcraft   2026 03 22T11 37 39,"Hearthstone  Heroes of Warcraft   2026 03 22T11 37 39 – Book of Heroes | Hearthstone | Adventure Mode [Heroes of Warcraft]
Solo PvE gameplay from Hearthstone's Book of Heroes adventure, featuring the Hearthstone  Heroes of Warcraft   2026 03 22T11 37 39 boss fight",,,,,manual,no nearby formatted neighbors,FALSE,
140,gFUQxT3oVc0,2026-03-30T02:52:29Z,public,default_timestamp,TRUE,2026-03-22 11:49:19,Hearthstone  Heroes of Warcraft   2026 03 22T11 49 19,"Hearthstone  Heroes of Warcraft   2026 03 22T11 49 19 – Book of Heroes | Hearthstone | Adventure Mode [Heroes of Warcraft]
Solo PvE gameplay from Hearthstone's Book of Heroes adventure, featuring the Hearthstone  Heroes of Warcraft   2026 03 22T11 49 19 boss fight",,,,,manual,no nearby formatted neighbors,FALSE,
141,z8LTFpZ-OsU,2026-03-30T02:52:58Z,public,default_timestamp,TRUE,2026-03-22 11:55:38,Hearthstone  Heroes of Warcraft   2026 03 22T11 55 38,"Hearthstone  Heroes of Warcraft   2026 03 22T11 55 38 – Book of Heroes | Hearthstone | Adventure Mode [Heroes of Warcraft]
Solo PvE gameplay from Hearthstone's Book of Heroes adventure, featuring the Hearthstone  Heroes of Warcraft   2026 03 22T11 55 38 boss fight",,,,,manual,no nearby formatted neighbors,FALSE,
142,r5dQNqypr00,2026-03-30T02:57:51Z,public,default_timestamp,TRUE,2026-03-22 12:09:27,Hearthstone  Heroes of Warcraft   2026 03 22T12 09 27,"Hearthstone  Heroes of Warcraft   2026 03 22T12 09 27 – Book of Heroes | Hearthstone | Adventure Mode [Heroes of Warcraft]
Solo PvE gameplay from Hearthstone's Book of Heroes adventure, featuring the Hearthstone  Heroes of Warcraft   2026 03 22T12 09 27 boss fight",,,,,manual,no nearby formatted neighbors,FALSE,
143,naGj1iQ0cX8,2026-03-30T02:58:53Z,public,default_timestamp,TRUE,2026-03-22 12:21:28,Hearthstone  Heroes of Warcraft   2026 03 22T12 21 28,"Hearthstone  Heroes of Warcraft   2026 03 22T12 21 28 – Book of Heroes | Hearthstone | Adventure Mode [Heroes of Warcraft]
Solo PvE gameplay from Hearthstone's Book of Heroes adventure, featuring the Hearthstone  Heroes of Warcraft   2026 03 22T12 21 28 boss fight",,,,,manual,no nearby formatted neighbors,FALSE,
144,0GsmMDfvzhg,2026-03-30T02:59:20Z,public,default_timestamp,TRUE,2026-03-22 12:41:30,Hearthstone  Heroes of Warcraft   2026 03 22T12 41 30,"Hearthstone  Heroes of Warcraft   2026 03 22T12 41 30 – Book of Heroes | Hearthstone | Adventure Mode [Heroes of Warcraft]
Solo PvE gameplay from Hearthstone's Book of Heroes adventure, featuring the Hearthstone  Heroes of Warcraft   2026 03 22T12 41 30 boss fight",,,,,manual,no nearby formatted neighbors,FALSE,
145,sn5nGUwstck,2026-03-30T02:59:51Z,public,default_timestamp,TRUE,2026-03-22 13:06:51,Hearthstone  Heroes of Warcraft   2026 03 22T13 06 51,"Hearthstone  Heroes of Warcraft   2026 03 22T13 06 51 – Book of Heroes | Hearthstone | Adventure Mode [Heroes of Warcraft]
Solo PvE gameplay from Hearthstone's Book of Heroes adventure, featuring the Hearthstone  Heroes of Warcraft   2026 03 22T13 06 51 boss fight",,,,,manual,no nearby formatted neighbors,FALSE,
146,PK-FzDbVYmI,2026-03-30T03:00:28Z,public,default_timestamp,TRUE,2026-03-22 13:18:31,Hearthstone  Heroes of Warcraft   2026 03 22T13 18 31,Hearthstone Book of Heroes - Rikkar vs High Priest Thekal,,,,,manual,no nearby formatted neighbors,FALSE,
147,P9PQZQvRgHA,2026-03-30T03:01:09Z,public,default_timestamp,TRUE,2026-03-22 13:30:49,Hearthstone  Heroes of Warcraft   2026 03 22T13 30 49,"Hearthstone  Heroes of Warcraft   2026 03 22T13 30 49 – Book of Heroes | Hearthstone | Adventure Mode [Heroes of Warcraft]
Solo PvE gameplay from Hearthstone's Book of Heroes adventure, featuring the Hearthstone  Heroes of Warcraft   2026 03 22T13 30 49 boss fight",,,,,manual,no nearby formatted neighbors,FALSE,
148,vk-v04Mvz6Q,2026-03-30T03:01:52Z,public,default_timestamp,TRUE,2026-03-22 13:40:01,Hearthstone  Heroes of Warcraft   2026 03 22T13 40 01,"Hearthstone  Heroes of Warcraft   2026 03 22T13 40 01 – Book of Heroes | Hearthstone | Adventure Mode [Heroes of Warcraft]
Solo PvE gameplay from Hearthstone's Book of Heroes adventure, featuring the Hearthstone  Heroes of Warcraft   2026 03 22T13 40 01 boss fight",,,,,manual,no nearby formatted neighbors,FALSE,
149,yJoqneKA5Zc,2026-03-30T03:02:18Z,public,default_timestamp,TRUE,2026-03-23 15:00:50,Hearthstone  Heroes of Warcraft   2026 03 23T15 00 50,"Hearthstone  Heroes of Warcraft   2026 03 23T15 00 50 – Book of Heroes | Hearthstone | Adventure Mode [Heroes of Warcraft]
Solo PvE gameplay from Hearthstone's Book of Heroes adventure, featuring the Hearthstone  Heroes of Warcraft   2026 03 23T15 00 50 boss fight",,,,,manual,no nearby formatted neighbors,FALSE,
150,a8vkhNxYDP0,2026-03-30T03:14:51Z,public,default_timestamp,TRUE,2026-03-24 14:23:04,Hearthstone  Heroes of Warcraft   2026 03 24T14 23 04,"Hearthstone  Heroes of Warcraft   2026 03 24T14 23 04 – Book of Heroes | Hearthstone | Adventure Mode [Heroes of Warcraft]
Solo PvE gameplay from Hearthstone's Book of Heroes adventure, featuring the Hearthstone  Heroes of Warcraft   2026 03 24T14 23 04 boss fight",,,,,manual,no nearby formatted neighbors,FALSE,
151,KzfnWi9X29w,2026-03-30T03:15:11Z,public,default_timestamp,TRUE,2026-03-24 14:35:49,Hearthstone  Heroes of Warcraft   2026 03 24T14 35 49,"Hearthstone  Heroes of Warcraft   2026 03 24T14 35 49 – Book of Heroes | Hearthstone | Adventure Mode [Heroes of Warcraft]
Solo PvE gameplay from Hearthstone's Book of Heroes adventure, featuring the Hearthstone  Heroes of Warcraft   2026 03 24T14 35 49 boss fight",,,,,manual,no nearby formatted neighbors,FALSE,
152,r7kMbzPZggw,2026-03-30T03:28:35Z,public,default_timestamp,TRUE,2026-03-24 16:28:35,Hearthstone  Heroes of Warcraft   2026 03 24T16 28 35,"Hearthstone  Heroes of Warcraft   2026 03 24T16 28 35 – Book of Heroes | Hearthstone | Adventure Mode [Heroes of Warcraft]
Solo PvE gameplay from Hearthstone's Book of Heroes adventure, featuring the Hearthstone  Heroes of Warcraft   2026 03 24T16 28 35 boss fight",,,,,manual,no nearby formatted neighbors,FALSE,
153,YlyApr9sZ3Q,2026-03-30T03:29:13Z,public,default_timestamp,TRUE,2026-03-24 16:31:11,Hearthstone  Heroes of Warcraft   2026 03 24T16 31 11,"Hearthstone  Heroes of Warcraft   2026 03 24T16 31 11 – Book of Heroes | Hearthstone | Adventure Mode [Heroes of Warcraft]
Solo PvE gameplay from Hearthstone's Book of Heroes adventure, featuring the Hearthstone  Heroes of Warcraft   2026 03 24T16 31 11 boss fight",,,,,manual,no nearby formatted neighbors,FALSE,
154,YVU5gsEBJT0,2026-03-30T03:29:39Z,public,default_timestamp,TRUE,2026-03-24 17:30:59,Hearthstone  Heroes of Warcraft   2026 03 24T17 30 59,"Hearthstone  Heroes of Warcraft   2026 03 24T17 30 59 – Book of Heroes | Hearthstone | Adventure Mode [Heroes of Warcraft]
Solo PvE gameplay from Hearthstone's Book of Heroes adventure, featuring the Hearthstone  Heroes of Warcraft   2026 03 24T17 30 59 boss fight",,,,,manual,no nearby formatted neighbors,FALSE,
155,SK5QovnaGFQ,2026-03-30T03:30:05Z,public,default_timestamp,TRUE,2026-03-24 17:38:33,Hearthstone  Heroes of Warcraft   2026 03 24T17 38 33,"Hearthstone  Heroes of Warcraft   2026 03 24T17 38 33 – Book of Heroes | Hearthstone | Adventure Mode [Heroes of Warcraft]
Solo PvE gameplay from Hearthstone's Book of Heroes adventure, featuring the Hearthstone  Heroes of Warcraft   2026 03 24T17 38 33 boss fight",,,,,manual,no nearby formatted neighbors,FALSE,
156,HvbIGvPZE0I,2026-03-30T03:31:23Z,public,default_timestamp,TRUE,2026-03-24 17:44:27,Hearthstone  Heroes of Warcraft   2026 03 24T17 44 27,"Hearthstone  Heroes of Warcraft   2026 03 24T17 44 27 – Book of Heroes | Hearthstone | Adventure Mode [Heroes of Warcraft]
Solo PvE gameplay from Hearthstone's Book of Heroes adventure, featuring the Hearthstone  Heroes of Warcraft   2026 03 24T17 44 27 boss fight",,,,,manual,no nearby formatted neighbors,FALSE,
157,JrffGIUEhfo,2026-03-30T03:31:45Z,public,default_timestamp,TRUE,2026-03-24 17:53:41,Hearthstone  Heroes of Warcraft   2026 03 24T17 53 41,"Hearthstone  Heroes of Warcraft   2026 03 24T17 53 41 – Book of Heroes | Hearthstone | Adventure Mode [Heroes of Warcraft]
Solo PvE gameplay from Hearthstone's Book of Heroes adventure, featuring the Hearthstone  Heroes of Warcraft   2026 03 24T17 53 41 boss fight",,,,,manual,no nearby formatted neighbors,FALSE,
158,M_q0lSPoM9g,2026-03-30T03:32:17Z,public,default_timestamp,TRUE,2026-03-24 18:02:08,Hearthstone  Heroes of Warcraft   2026 03 24T18 02 08,"Hearthstone  Heroes of Warcraft   2026 03 24T18 02 08 – Book of Heroes | Hearthstone | Adventure Mode [Heroes of Warcraft]
Solo PvE gameplay from Hearthstone's Book of Heroes adventure, featuring the Hearthstone  Heroes of Warcraft   2026 03 24T18 02 08 boss fight",,,,,manual,no nearby formatted neighbors,FALSE,
159,Ri84OMXBRWg,2026-03-30T03:32:48Z,public,default_timestamp,TRUE,2026-03-25 20:44:25,Hearthstone  Heroes of Warcraft   2026 03 25T20 44 25,"Hearthstone  Heroes of Warcraft   2026 03 25T20 44 25 – Book of Heroes | Hearthstone | Adventure Mode [Heroes of Warcraft]
Solo PvE gameplay from Hearthstone's Book of Heroes adventure, featuring the Hearthstone  Heroes of Warcraft   2026 03 25T20 44 25 boss fight",,,,,manual,no nearby formatted neighbors,FALSE,
160,2Tw2hRNwdG4,2026-03-30T03:33:09Z,public,default_timestamp,TRUE,2026-03-25 20:51:35,Hearthstone  Heroes of Warcraft   2026 03 25T20 51 35,"Hearthstone  Heroes of Warcraft   2026 03 25T20 51 35 – Book of Heroes | Hearthstone | Adventure Mode [Heroes of Warcraft]
Solo PvE gameplay from Hearthstone's Book of Heroes adventure, featuring the Hearthstone  Heroes of Warcraft   2026 03 25T20 51 35 boss fight",,,,,manual,no nearby formatted neighbors,FALSE,
161,phYfXuS6xFU,2026-03-30T03:33:30Z,public,default_timestamp,TRUE,2026-03-25 21:10:26,Hearthstone  Heroes of Warcraft   2026 03 25T21 10 26,"Hearthstone  Heroes of Warcraft   2026 03 25T21 10 26 – Book of Heroes | Hearthstone | Adventure Mode [Heroes of Warcraft]
Solo PvE gameplay from Hearthstone's Book of Heroes adventure, featuring the Hearthstone  Heroes of Warcraft   2026 03 25T21 10 26 boss fight",,,,,manual,no nearby formatted neighbors,FALSE,
162,Yg_QZFbKIUk,2026-03-30T03:34:20Z,public,default_timestamp,TRUE,2026-03-25 21:21:26,Hearthstone  Heroes of Warcraft   2026 03 25T21 21 26,"Hearthstone  Heroes of Warcraft   2026 03 25T21 21 26 – Book of Heroes | Hearthstone | Adventure Mode [Heroes of Warcraft]
Solo PvE gameplay from Hearthstone's Book of Heroes adventure, featuring the Hearthstone  Heroes of Warcraft   2026 03 25T21 21 26 boss fight",,,,,manual,no nearby formatted neighbors,FALSE,
163,lVKKRcExfsw,2026-03-30T03:34:36Z,public,default_timestamp,TRUE,2026-03-25 21:36:56,Hearthstone  Heroes of Warcraft   2026 03 25T21 36 56,"Hearthstone  Heroes of Warcraft   2026 03 25T21 36 56 – Book of Heroes | Hearthstone | Adventure Mode [Heroes of Warcraft]
Solo PvE gameplay from Hearthstone's Book of Heroes adventure, featuring the Hearthstone  Heroes of Warcraft   2026 03 25T21 36 56 boss fight",,,,,manual,no nearby formatted neighbors,FALSE,
164,utpCevEi3Lo,2026-03-30T03:34:58Z,public,default_timestamp,TRUE,2026-03-25 21:42:51,Hearthstone  Heroes of Warcraft   2026 03 25T21 42 51,"Hearthstone  Heroes of Warcraft   2026 03 25T21 42 51 – Book of Heroes | Hearthstone | Adventure Mode [Heroes of Warcraft]
Solo PvE gameplay from Hearthstone's Book of Heroes adventure, featuring the Hearthstone  Heroes of Warcraft   2026 03 25T21 42 51 boss fight",,,,,manual,no nearby formatted neighbors,FALSE,
165,JSBgr2T2CAk,2026-03-30T03:35:11Z,public,default_timestamp,TRUE,2026-03-25 21:49:17,Hearthstone  Heroes of Warcraft   2026 03 25T21 49 17,"Hearthstone  Heroes of Warcraft   2026 03 25T21 49 17 – Book of Heroes | Hearthstone | Adventure Mode [Heroes of Warcraft]
Solo PvE gameplay from Hearthstone's Book of Heroes adventure, featuring the Hearthstone  Heroes of Warcraft   2026 03 25T21 49 17 boss fight",,,,,manual,no nearby formatted neighbors,FALSE,
166,02tdf60_ShY,2026-03-30T03:35:42Z,public,default_timestamp,TRUE,2026-03-25 21:57:00,Hearthstone  Heroes of Warcraft   2026 03 25T21 57 00,"Hearthstone  Heroes of Warcraft   2026 03 25T21 57 00 – Book of Heroes | Hearthstone | Adventure Mode [Heroes of Warcraft]
Solo PvE gameplay from Hearthstone's Book of Heroes adventure, featuring the Hearthstone  Heroes of Warcraft   2026 03 25T21 57 00 boss fight",,,,,manual,no nearby formatted neighbors,FALSE,
167,bjVXmmR0-5g,2026-03-30T03:37:29Z,public,default_timestamp,TRUE,2026-03-25 22:07:31,Hearthstone  Heroes of Warcraft   2026 03 25T22 07 31,"Hearthstone  Heroes of Warcraft   2026 03 25T22 07 31 – Book of Heroes | Hearthstone | Adventure Mode [Heroes of Warcraft]
Solo PvE gameplay from Hearthstone's Book of Heroes adventure, featuring the Hearthstone  Heroes of Warcraft   2026 03 25T22 07 31 boss fight",,,,,manual,no nearby formatted neighbors,FALSE,
168,eAtvysus0lw,2026-03-30T03:39:25Z,public,default_timestamp,TRUE,2026-03-25 22:16:49,Hearthstone  Heroes of Warcraft   2026 03 25T22 16 49,"Hearthstone  Heroes of Warcraft   2026 03 25T22 16 49 – Book of Heroes | Hearthstone | Adventure Mode [Heroes of Warcraft]
Solo PvE gameplay from Hearthstone's Book of Heroes adventure, featuring the Hearthstone  Heroes of Warcraft   2026 03 25T22 16 49 boss fight",,,,,manual,no nearby formatted neighbors,FALSE,
169,kQa6U4nw3vY,2026-03-30T03:39:55Z,public,default_timestamp,TRUE,2026-03-25 22:22:01,Hearthstone  Heroes of Warcraft   2026 03 25T22 22 01,"Hearthstone  Heroes of Warcraft   2026 03 25T22 22 01 – Book of Heroes | Hearthstone | Adventure Mode [Heroes of Warcraft]
Solo PvE gameplay from Hearthstone's Book of Heroes adventure, featuring the Hearthstone  Heroes of Warcraft   2026 03 25T22 22 01 boss fight",,,,,manual,no nearby formatted neighbors,FALSE,
170,gIHq8EWRcmg,2026-03-30T03:40:18Z,public,default_timestamp,TRUE,2026-03-25 22:35:48,Hearthstone  Heroes of Warcraft   2026 03 25T22 35 48,"Hearthstone  Heroes of Warcraft   2026 03 25T22 35 48 – Book of Heroes | Hearthstone | Adventure Mode [Heroes of Warcraft]
Solo PvE gameplay from Hearthstone's Book of Heroes adventure, featuring the Hearthstone  Heroes of Warcraft   2026 03 25T22 35 48 boss fight",,,,,manual,no nearby formatted neighbors,FALSE,
171,XR9i4fk3mtQ,2026-03-30T03:40:42Z,public,default_timestamp,TRUE,2026-03-25 22:41:14,Hearthstone  Heroes of Warcraft   2026 03 25T22 41 14,"Hearthstone  Heroes of Warcraft   2026 03 25T22 41 14 – Book of Heroes | Hearthstone | Adventure Mode [Heroes of Warcraft]
Solo PvE gameplay from Hearthstone's Book of Heroes adventure, featuring the Hearthstone  Heroes of Warcraft   2026 03 25T22 41 14 boss fight",,,,,manual,no nearby formatted neighbors,FALSE,
172,5qz9p2J9QKQ,2026-03-30T03:41:02Z,public,default_timestamp,TRUE,2026-03-25 22:51:15,Hearthstone  Heroes of Warcraft   2026 03 25T22 51 15,"Hearthstone  Heroes of Warcraft   2026 03 25T22 51 15 – Book of Heroes | Hearthstone | Adventure Mode [Heroes of Warcraft]
Solo PvE gameplay from Hearthstone's Book of Heroes adventure, featuring the Hearthstone  Heroes of Warcraft   2026 03 25T22 51 15 boss fight",,,,,manual,no nearby formatted neighbors,FALSE,
173,IbRnpGRY9DA,2026-03-30T03:42:12Z,public,default_timestamp,TRUE,2026-03-25 22:59:58,Hearthstone  Heroes of Warcraft   2026 03 25T22 59 58,"Hearthstone  Heroes of Warcraft   2026 03 25T22 59 58 – Book of Heroes | Hearthstone | Adventure Mode [Heroes of Warcraft]
Solo PvE gameplay from Hearthstone's Book of Heroes adventure, featuring the Hearthstone  Heroes of Warcraft   2026 03 25T22 59 58 boss fight",,,,,manual,no nearby formatted neighbors,FALSE,
174,h16o38YlgCY,2026-03-30T03:42:37Z,public,default_timestamp,TRUE,2026-03-25 23:03:00,Hearthstone  Heroes of Warcraft   2026 03 25T23 03 00,"Hearthstone  Heroes of Warcraft   2026 03 25T23 03 00 – Book of Heroes | Hearthstone | Adventure Mode [Heroes of Warcraft]
Solo PvE gameplay from Hearthstone's Book of Heroes adventure, featuring the Hearthstone  Heroes of Warcraft   2026 03 25T23 03 00 boss fight",,,,,manual,no nearby formatted neighbors,FALSE,
175,ydBxTHWBqZ4,2026-03-30T03:43:08Z,public,default_timestamp,TRUE,2026-03-26 15:30:45,Hearthstone  Heroes of Warcraft   2026 03 26T15 30 45,"Hearthstone  Heroes of Warcraft   2026 03 26T15 30 45 – Book of Heroes | Hearthstone | Adventure Mode [Heroes of Warcraft]
Solo PvE gameplay from Hearthstone's Book of Heroes adventure, featuring the Hearthstone  Heroes of Warcraft   2026 03 26T15 30 45 boss fight",,,,,manual,no nearby formatted neighbors,FALSE,
176,mbp-avD87Ko,2026-03-30T03:43:46Z,public,default_timestamp,TRUE,2026-03-26 15:33:40,Hearthstone  Heroes of Warcraft   2026 03 26T15 33 40,"Hearthstone  Heroes of Warcraft   2026 03 26T15 33 40 – Book of Heroes | Hearthstone | Adventure Mode [Heroes of Warcraft]
Solo PvE gameplay from Hearthstone's Book of Heroes adventure, featuring the Hearthstone  Heroes of Warcraft   2026 03 26T15 33 40 boss fight",,,,,manual,no nearby formatted neighbors,FALSE,
177,BC1lv1nhbqk,2026-03-30T03:45:34Z,public,default_timestamp,TRUE,2026-03-26 22:35:15,Hearthstone  Heroes of Warcraft   2026 03 26T22 35 15,"Hearthstone  Heroes of Warcraft   2026 03 26T22 35 15 – Book of Heroes | Hearthstone | Adventure Mode [Heroes of Warcraft]
Solo PvE gameplay from Hearthstone's Book of Heroes adventure, featuring the Hearthstone  Heroes of Warcraft   2026 03 26T22 35 15 boss fight",,,,,manual,no nearby formatted neighbors,FALSE,
178,qg_XMlDYp4M,2026-03-30T03:46:33Z,public,default_timestamp,TRUE,2026-03-26 23:07:22,Hearthstone  Heroes of Warcraft   2026 03 26T23 07 22,"Hearthstone  Heroes of Warcraft   2026 03 26T23 07 22 – Book of Heroes | Hearthstone | Adventure Mode [Heroes of Warcraft]
Solo PvE gameplay from Hearthstone's Book of Heroes adventure, featuring the Hearthstone  Heroes of Warcraft   2026 03 26T23 07 22 boss fight",,,,,manual,no nearby formatted neighbors,FALSE,
179,HY2dnE4wDkU,2026-03-30T03:46:58Z,public,default_timestamp,TRUE,2026-03-26 23:25:42,Hearthstone  Heroes of Warcraft   2026 03 26T23 25 42,"Hearthstone  Heroes of Warcraft   2026 03 26T23 25 42 – Book of Heroes | Hearthstone | Adventure Mode [Heroes of Warcraft]
Solo PvE gameplay from Hearthstone's Book of Heroes adventure, featuring the Hearthstone  Heroes of Warcraft   2026 03 26T23 25 42 boss fight",,,,,manual,no nearby formatted neighbors,FALSE,
180,wlgEXzVA3js,2026-03-30T03:47:40Z,public,default_timestamp,TRUE,2026-03-26 23:57:18,Hearthstone  Heroes of Warcraft   2026 03 26T23 57 18,"Hearthstone  Heroes of Warcraft   2026 03 26T23 57 18 – Book of Heroes | Hearthstone | Adventure Mode [Heroes of Warcraft]
Solo PvE gameplay from Hearthstone's Book of Heroes adventure, featuring the Hearthstone  Heroes of Warcraft   2026 03 26T23 57 18 boss fight",,,,,manual,no nearby formatted neighbors,FALSE,
181,UKjcs1dqSVY,2026-03-30T03:49:49Z,public,default_timestamp,TRUE,2026-03-27 00:20:34,Hearthstone  Heroes of Warcraft   2026 03 27T00 20 34,"Hearthstone  Heroes of Warcraft   2026 03 27T00 20 34 – Book of Heroes | Hearthstone | Adventure Mode [Heroes of Warcraft]
Solo PvE gameplay from Hearthstone's Book of Heroes adventure, featuring the Hearthstone  Heroes of Warcraft   2026 03 27T00 20 34 boss fight",,,,,manual,no nearby formatted neighbors,FALSE,
182,7oOn6pHalw8,2026-03-30T03:50:19Z,public,default_timestamp,TRUE,2026-03-27 00:49:49,Hearthstone  Heroes of Warcraft   2026 03 27T00 49 49,"Hearthstone  Heroes of Warcraft   2026 03 27T00 49 49 – Book of Heroes | Hearthstone | Adventure Mode [Heroes of Warcraft]
Solo PvE gameplay from Hearthstone's Book of Heroes adventure, featuring the Hearthstone  Heroes of Warcraft   2026 03 27T00 49 49 boss fight",,,,,manual,no nearby formatted neighbors,FALSE,
183,xF2LZSYLzBo,2026-03-30T03:50:46Z,public,default_timestamp,TRUE,2026-03-27 00:58:25,Hearthstone  Heroes of Warcraft   2026 03 27T00 58 25,"Hearthstone  Heroes of Warcraft   2026 03 27T00 58 25 – Book of Heroes | Hearthstone | Adventure Mode [Heroes of Warcraft]
Solo PvE gameplay from Hearthstone's Book of Heroes adventure, featuring the Hearthstone  Heroes of Warcraft   2026 03 27T00 58 25 boss fight",,,,,manual,no nearby formatted neighbors,FALSE,
184,y8bY3sNe0xU,2026-03-31T04:07:22Z,private,default_timestamp,TRUE,2026-03-15 23:18:12,Hearthstone  Heroes of Warcraft   2026 03 15T23 18 12,"Hearthstone  Heroes of Warcraft   2026 03 15T23 18 12 – Book of Heroes | Hearthstone | Adventure Mode [Heroes of Warcraft]
Solo PvE gameplay from Hearthstone's Book of Heroes adventure, featuring the Hearthstone  Heroes of Warcraft   2026 03 15T23 18 12 boss fight",,,,,manual,no nearby formatted neighbors,FALSE,
185,PZbp5G7Imuk,2026-04-04T15:34:55Z,private,default_timestamp,TRUE,2026-03-16 22:13:00,Hearthstone  Heroes of Warcraft   2026 03 16T22 13 00,"Hearthstone  Heroes of Warcraft   2026 03 16T22 13 00 – Book of Heroes | Hearthstone | Adventure Mode [Heroes of Warcraft]
Solo PvE gameplay from Hearthstone's Book of Heroes adventure, featuring the Hearthstone  Heroes of Warcraft   2026 03 16T22 13 00 boss fight",,,,,manual,no nearby formatted neighbors,FALSE,
